Songs,Artists,singer,lyrics,music
NAZAR LAG JAYEGI,"Kamal Raja,Millind Gaba",MilindGaba & KamalRaja,"Ikrar,MillindGaba",MusicMG
Bholeynath ,"Millind Gaba, Ikka, Pallavi Gaba ","MillindGaba,Ikka,PallaviGaba",Ikka,MillindGaba
Dil Dooba,"Aishwarya Rai, Akshaye Kumar","SonuNigam,ShreyaGhoshal",Sameer,RamSampat
Laal Dupatta,Mika Singh and Anupama Raag,MikaSingh&AnupamaRaag,AnupamaRaag,AnupamaRaag
Deedar De,Abhishek Bacchan,"SunidhiChauhan,Krishna",PanchhiJalonvi,"VishalDadlani,ShekharRavjiani"
Tere Naam Video Song,Zack Knight,ZackKnight,ZackKnight,ZackKnight
Meri Baari Song,Millind Gaba ,MillindGaba,MillindGaba,MusicMG
Ek Jindari Full Video Song,Hindi Medium,"SugandhaDate,KarishmaButia,StiphenGhorpade,PrateekMane,AryaMahale,AnicaChabra.",Kumaar,Sachin
Pitah Se Naam Hai Tera,Akshay Kumar,"SONUNIGAM,MEETBROSANJJAN,ALAPS",KUMAAR,MEETBROSANJJAN
Hoor Video Song,Hindi Medium,"DawnCordo,ArunKamath,ShambhaviSingh.",PriyaSaraiya,Sachin
Kaise Mujhe Tum Video Song,Mohammed Irfan,MohammedIrfan,PrasoonJoshi,A.R.Rahman
Kisko Pata Video Song,Yash Wadali,YashWadali,RamanKumarJangwal,YashWadali
Hoor Song (Full Video),Hindi Medium,"DawnCordo,ArunKamath,ShambhaviSingh.",PriyaSaraiya,Sachin
Ek Jindari Video Song,Hindi Medium,"SugandhaDate,KarishmaButia,StiphenGhorpade,PrateekMane,AryaMahale,AnicaChabra.",Kumaar,Sachin
Sye Raa Title Video Song (Hindi),Chiranjeevi,"RajivSundaresan,ArunKamath,SuhasSawant,RishikeshKamerkar,DeeptiRege,PragatiJoshi,ArohiMhatre&,AditiPrabhudesai",SwanandKirkire,AmitTrivedi
Pinky Zanjeer  Movie Song (Hindi),"Priyanka Chopra, Ram Charan,",MamtaSharmaandMeetBrosAnjjan,"ShabbirAhmed,AshrafAli.",MeetBrosAnjjan
Dil Dola Re - Remix  Video Song,Angry Indian Goddesses,PRATICHEEMOHAPATRA,DR.SWAPNILSALKAR,ASHISHPRABHUAJGAONKAR
Tere Naam Lyrical  Video Song,Zack Knight,ZackKnight,ZackKnight,ZackKnight
Ho Jaye Balle Balle,Ravinder Bhinder,RavinderBhinder,RavinderBhinder,SherAzad
Des Mera,Indian Ocean,IndianOcean,"SanjeevSharma,SwanandKirkire",IndianOcean
Bandeya (Full Video Song) Mir,Zenif,Mir,Zenif,Zenif
Khayalan Wich (Full Song),I - Proud To Be An Indian,Rithika,"JayVerma,LateHarcharan",K.C.LOY
Dil Dola Re  Full Song (Audio),Angry Indian Goddesses,PRATICHEEMOHAPATRA,DR.SWAPNILSALKAR,ASHISHPRABHUAJGAONKAR
Zanjeer Movie Songs Preview (Hindi),"Priyanka Chopra, Ram Charan, Sanjay Dutt","SHWETAPANDIT,MEETBROSANJJAN",SHABBIRAHMED,MEETBROSANJJAN
Dil Dola Re - Remix ,Angry Indian Goddesses,PRATICHEEMOHAPATRA,DR.SWAPNILSALKAR,ASHISHPRABHUAJGAONKAR
Roi Na,Vicky Singh,Ninja,Nirmaan,Goldboy
Aatif Vs. Arijit Mashup Cover,Sachin Chaudhary,ArijitSingh,MohdIrfanArjitSalimBhat,SachinGupta
GHAATI TRANCE Video Song,"Jaspreet Jasz,Sonu Kakkar","JASPREETJASZ,SONUKAKKAR","SACHINGUPTA,JASPREETJASZ",SACHINGUPTA
Gangleader - Gang-u Leader Promotional Video,Nani,"SriKrishnaVishnubhotla,AdityaIyengar",AnantaSriram,AnirudhRavichander
Kya Mujhe Pyaar Hai,Umair Ahmad,KK,NileshMishra,PritamChakraborty
Koi Aaye Na ,Rabba B Praak ,RichaSharma,"Kumaar,DevKohli",Vishal&Shekhar
Megha Re Megha ,"Shahid Kapoor, Amrita Rao","UditNarayan,AlkaYagnik",SudhakarSharma,VijuShah
Cinderella (Full Song) ,Anushka Gupta,AnushkaGupta,AnushkaGupta,AnushkaGupta
Khuda Ke Liye Song,Deepal Shaw,MustafaZahid,ShabbirAhmed,ShamirTandon
Heart Broken Mashup,Soham Nagchowdhury,SohamNagchowdhury,SayeedQuadri,Mithoon
Kalesh Song,"Millind Gaba, Mika Singh","MillindGaba,MikaSingh",MillindGaba,MusicMG
Ishq Asaan Hai,Irfan Khan,DalerMehndi,AnandRajAnand,AnandRajAnand
Penne Thirumudi Video Song,Mamangam (Hindi),"UnniElayaraja,MidhunAshok","RafeeqAhmed,AjayGopal",MJayachandran
The Big Bull (Full Song) ,"Carryminati, Abhishek Bachchan",CarryMinati(AjeyNagar),CarryMinati(AjeyNagar),WilyFrenzy
Teri Meri Zindagi Song,"Pran, Rohit Roy",SureshWadkar,Sameer,"DilipSen,SameerSen"
Aashayein - Motivational Music Video,Cover Song By Sandeep Maheshwari,"Sur,ArjunGulati,SameerArmaan",IrfanSiddiqui,SalimMerchantandSulaimanMerchant(Salim
Main Chali : (Lyrics Video),Urvashi Kiran sharma,UrvashiKiranSharma,UrvashiKiranSharma,2019
Letâ€™s Celebrate (Unedited Video Song),Tevar,ImranKhan&SonakshiSinha,ImranKhan,ImranKhan
Pyar Wali Sargam,Pran,"UditNarayan,AdityaNarayan,NirjaPandit",Sameer,"DilipSen,SameerSen"
Banna Re,Mellow D,"MellowD,ManeshaAAgarwal&BunduKhan",ManeshaAAgarwal&MellowD,SushantShankar
Galat (Official Video) ,"Rubina Dilaik, Paras Chhabra",AseesKaur,RajFatehpur,Vikas
Jeene Ka  Hindi Contract,Sakshi Gulati,"RaviShankar,RunaRizvi",PrashantPandey,AmarMohile
Dekho Aaya Pehlwaan - Theme Lyrical,Pehlwaan - Hindi,"DevNegi,VyasaRaj",AsthaJagiasi,ArjunJanya
Barso Re,Dola Re,BoleChudiyanMovie,BoleChudiyanMovie,BoleChudiyanMovie
Suit Suit Full Audio Song,Hindi Medium,GuruRandhawaFt.Arjun,GuruRandhawaandArjun,Intense
Jot Se Jot Jagake Chalo,Sant Gyaneshwar,Mukesh,BharatVyas,LaxmikantPyarelal
Thani Oruvan - Theemai Dhaan Vellum Song Promo,"Jayam Ravi, Arvind Swamy",ArvindSwamy&HiphopTamizha,HiphopTamizha,HiphopTamizha
Tohfe (Full Song) Amii,Narend Singh Rajput,Amii,SainiVikrant,NarendSinghRajput
LAILA - Tony Kakkar ft. Heli Daruwala,Satti Dhillon,TonyKakkar,TonyKakkar,TonyKakkar
Main To Preetam Ko [Full Song] GudGudee Hindi Movie,Anupam Kher,KavitaKrishnamurthy,BasuChatterji,BappiLahiri
Lullaby (Lori) Song - Mamangam (Hindi),Mammootty,BombayJayasree,ManojYadav,MJayachandran
Hoor Lyrical Video Song,Hindi Medium,"DawnCordo,ArunKamath,ShambhaviSingh.",PriyaSaraiya,Sachin
Na Ghar Ke Na Ghaat Ke,"Hindi Movie Promo [2010] Om Puri, Paresh Rawal",SukhwinderSingh,MudassarAziz,LalitPandit
Karun Main Sajda Tera Latest Hindi Movie Jai Chhathi Maa,Shankar Sahney,ShankarSahney,AmitabhRanjan,NayanManiBarman
"Hum Tum (Official Video) Sukriti, Prakriti","Raghav Juyal, Priyank Sharma",SukritiKakar&PrakritiKakar,LilLuv,"SukritiKakar,PrakritiKakar&LostStories"
Pariyon Si Hindi Video Song,Sardaar Gabbar Singh,RaviChowdhury&ShwetaPandit,RaqueebAlam,DeviSriPrasad
Rang Rasiya Video Song Latest Hindi Film,Turning Point,"PalakMuchhal,JavedAli",KiritPatel,Shivram
Laal Dupatta Full Audio Song,Mika Singh and Anupama Raag,MikaSingh&AnupamaRaag,AnupamaRaag,AnupamaRaag
Salaam Walekum Full Video Song,Adnan Sami,AdnanSami,Sameer,AdnanSami
Veer Veer Veerappan Song Making - Veerappan,Hindi Movie 2016,Shaarib&Toshifeat.PayalDevAndVee,ManojYadav,"JohnStewart,Eduri"
Nainowale Ne,NEETI MOHAN,NeetiMohan,Siddharth,SanjayLeelaBhansali
"Baarish (Official Video) Payal Dev,Stebin Ben","Mohsin Khan, Shivangi Joshi",PayalDev&StebinBen,KunaalVermaa,PayalDev
Soni De Nakhre,Soni De Nakhre Dj Remix,"Wajid,LabhJajua,SnehaPant",ShabbirAhmed,"Sajid,Wajid"
"Mafiyaan (Official Video) - Sukriti Kakar, Prakriti Kakar",MellowD & MJ5,"SukritiKakar,PrakritiKakar",MellowD,"Akull,PrakritiKakar&SukritiKakar"
Zabt E Dil,Tapeshvar Kalia,TapeshvarKalia,TapeshvarKalia,TapeshvarKalia
Dil Mangdi Lyrical,Jasbir Jassi,JasbirJassi&AneeshaMadhok,JasbirJassi,SimbaSing&JerrySingh
Kalesh Song With Lyrics,"Millind Gaba, Mika Singh","MillindGaba,MikaSingh",MillindGaba,MusicMG
O Mother Mary,Full Song Hindi Movie   Bachpan (1970),LataMangeshkar,AnandBakshi,"LaxmikantShantaramKudalkar(LaxmikantPyarelal),PyarelalRamprasadSharma(LaxmikantPyarelal)"
Vaibhav Kundra: Pyaar Ho Gaya Full Song,Latest Hindi Songs 2019,VaibhavKundra,RahulRBG,DJUpsideDown
Naina Bawre Hindi Lyrical Video Song Shweta Feat. Niharika Tariq,T-Series,Shweta,"DharmendraEhsaas,GautamSingh",DharmendraBhadouriya
FULL AUDIO - O SANAM,Latest Hindi Song 2019,RISHUBABU,RAJESHSARANPURI,PANKAJ
Aankhon Se Latest Hindi Song Full (Audio),Amit Tomer New Hindi Song 2019,AmitTomer,AmitTomer,JaxJay
Haq Hai,Budh,"NiranjanaTChandra,DeepaliDubeyandSonaliDubey",PrashantIngole,ShreyasPuranik
Better Half (Full Video),Bilal Saeed,BilalSaeed&SanaZulfiqar,AdnanDhool,Soch
Baadshah Video Song,Pratyul Joshi,"Karan,Karan'SFriend,Aditi,Esha,Priyanka",PratyulJoshi,PratyulJoshi
Sweety Tera Drama,Movie Bareilly Ki Barfi,"DevNegi,PawniPandey&ShraddhaPandit",ShabbirAhmed,TanishkBagchi
"La Fanaa  Latest Video Song Aamir Shaikh, Aavya Gupta New Hindi Video Song 2019",T-Series,"AamirShaikh,AavyaGupta",ShaheenKhan,FaraazAhmed
Colour Colour Latest Hindi Full (Audio) Song,Vicky Vox,VickyVox,A.Mukesh,AshishSharma&VivekSharma
"Suryashtakam, Suryaashtakam",ANURADHA PAUDWAL I Surya Upasana,AnuradhaPaudwal,"BharatAcharya,PanditKiranMishra","ArunPaudwal,KirtiAnurag"
Khwab Jo  Hindi Film London Dreams ,"Ajay Devgan, Salman Khan","RahatFatehAliKhan,ShankarMahadevan",PrasoonJoshi,Shankar
O Sathi - Baaghi 2,Atif Aslam,AtifAslam,Baaghi2|AtifAslam|TigerShroff|DishaPatani|HindiVideoSong,ArkoPravoMukherjee
Hoor Full Audio Song,Hindi Medium,"DawnCordo,ArunKamath,ShambhaviSingh.",PriyaSaraiya,Sachin
Tera Yaar Hoon Main / Tere Jaisa Yaar Kahan - Hindi Cover Songs 2019,Friendship Song,KISHOREKUMAR,ANJAAN,RAJESHROSHAN
"Dilbagh Singh: Urban Chhori Feat Elli Avram, Kauratan",New Hindi Song 2017,DilbaghSingh,BabaHoney,JayMeet
TUM HI AANA,UNPLUGGED  FEMALE VERSION,Jubinnautiyal,KunalVerma,PayalDev
Ek Haseena Thi Ek Deewana Tha,New Hindi Songs 2017,YaseerDesai,Nadeem,NadeemofNadeem
Chori Chori Dekhe Mujhko Remix   Hindi Film EMI,"Arjun Rampal, Malaika Arora","SunidhiChauhan,Suzan",ShakeelAzmi,ChirantanBhatt
Feel The Rhythm - Full Video Song,Munna Michael,Pranaayft.RahulPandey,"Pranaay,SabbirKhan",Pranaay
KHAIRIYAT (COVER SONG),Alok Singh,ArijitSingh,ShlokeLal,Pritam
Solo Laila (Lyrics) Ipsitaa,"Tanishk Bagchi, Vayu",Ipsitaa,Vayu,TanishkBagchi
Jiya Beqarar Hai,Barsaat,LataMangeshkar,HasratJaipuri,ShankarJaikishan
Woh Baarishein - Arjun Kanungo,"Manoj Muntashir,Shriya Pilgaonkar",ArjunKanungo,ManojMuntashir,ArjunKanungo
Fursat Hai Aaj Bhi (Official Video) - Arjun Kanungo,Sonal Chauhan,ArjunKanungo,MayurPuri,ArjunKanungo
Ghagra  Full Video - Latest Hindi Item Song,"Lokesh Garg, Ritu Pathak","LokeshGarg,RituPathak",RaviChopra,LokeshGarg
Banno (Full Song with Lyrics),Tanu Weds Manu Returns,BrijeshShandllya&SwatiSharma,Vayu,Tanishk&Vayu
Rabba Ve (Full Song) Armaan Bedil,"Gaurav Dev, Kartik Dev,Dhanshri Dev",ArmaanBedil,Dilwala,"GauravDev,KartikDev"
Kanta Bai Tony Kakkar (Official Video),Latest Hindi Song By Tony Kakkar,TonyKakkar,TonyKakkar,TonyKakkar
Sara Khan,Tattoo Boy,RadnyiTyagraj,Sparsh,JitulBoro&ShaileshSuvarna
Tum Jaisi Ho - Tony Kakkar,Happy Women's Day,TonyKakkar,TonyKakkar,TonyKakkar
Meghamamayee,Seetha (2011),|Lyrics,|Lyrics,|Lyrics
Jogan (Official Video) Ishq Bector,Gaurav Parashari,IshqBectorFtGauravparashari,SharadTripati,IshqBector
Fiqrana Remix  Hindi Blue,Akshaye Kumar,"VijayPrakash,ShreyaGhoshal",RajatArora,A.R.Rahman
SOHBAT,ZUBEEN GARG,ZubeenGarg&GurupriyaAtreya,Chinmoy,AparajithSris
Aitbaar New Hindi Full (Audio) Song,"Azam Ali Mukarram, Pallavi Lovlekar","AzamAliMukarram,PallaviLovlekar",RajeshKumari,AzamAliMukarram
"Tu Bhi Royega - Bhavin, Sameeksha, Vishal",Jyotica Tangri,JyoticaTangri,Kumaar,VivekKar
Naina - Neha Kakkar Version,Dangal,NehaKakkar,AmitabhBhattacharya,Pritam
Apsara Aali Full Song,Natarang HQ,"BelaShende,AjayAtul",GuruThakur,AjayAtul
Tere Bin Kive,Ramji Gulati,RamjiGulati,"Moody,Akkhar",RamjiGulati
Teri Mitti - Tribute,Akshay Kumar,BPraak,ManojMuntashir,Arko
Kamli,Nooran Sisters,NooranSisters,VijayDhammi,JassiNihaluwal
Ishq Meetha - Palak Muchhal,Anupama Raag,PalakMuchhal,AjayBawa,AnupamaRaag
Hor Pila - Jyotica Tangri,Nia Sharma,JyoticaTangri,Kumaar,RamjiGulati
Rabba Tere,Kamli,NooranSisters,VijayDhammi,JassiNihaluwal
Jab Jab - Rumman Shahrukh and Sanket Mehta,Yograj Koushal,YograjKoushal,SonalPradhan,SonalPradhan
Judaa - Asees Kaur Version,Ishqedarriyaan,ArijitSingh,Kumaar,JaidevKumar
Sun Le Zara 1921 Full Song (lyrics video),Zee Music Company,ArnabDutta,ArnabDutta,HarishSagane
Full HD video song,Mera Intezaar Karna,ArmaanMalik,Mithoon,Mithoon
Zoom Zoom - Full Video,Radhe - Your Most Wanted Bhai,Sajid,KunaalVermaa,SajidWajid
Meherma - Stefy and Sanket,"Jonita Gandhi, Shashwat Singh",DubbedAtSamiraKoppikar Studio DhwaniLab,Sahib,SamiraKoppikar
Ishq Kare Barbadiyaan,Ankit Tiwari,AnkitTiwari,Kumaar,VivekKar
Border - TrendSetter,Indeep Bakshi #IBDOPEHAI,IndeepBakshi&Ramangill,KiratGill&IndeepBakshi,IndeepBakshi
Farishta - Arko Feat Asees Kaur,Arjit Taneja and Karishma Kotak,Arko&AseesKaur,Arko,Arko
"Akhiyaan Tadpegi - Ashnoor Kaur , Mohit H",Aishwarya P,AishwaryaPandit,Kumaar,AnjjanBhattacharya
Phir Bhi Tumko Chaahungi - Aakanksha Version,Aakanksha Sharma,AakankshaSharma,ManojMuntashir,Mithoon
Zaalima,Raees,ArijitSinghandHarshdeepKaur,AmitabhBhattacharya,JAM8
Betuki Si,Zee Music Originals,JeetGannguli,AnvitaDutt,JeetGannguli
Khudara Aakar - Anuj Saini and Urvi Singh,Nayeem-Shabir,NayeemShah,ArafatMehmood,Nayeem
Yeh Mann - Jannat Zubair,Aakanksha Sharma,AakankshaSharma,DhanrajDadhich,KapilJangir
"Inna Pyaar - Rohan Mehra, Gima Ashi",Aishwarya Pandit,AishwaryaPandit,AmjadNadeem,AmjadNadeemAamir
Ishq Farzi - Jannat Zubair & Rohan Mehra,Ramji Gulati,JannatZubairRahmani,Kumaar,RamjiGulati
Bandeyaa Aakanksha Sharma,Specials by Zee Music Co.,AakankshaSharma,AmjadNadeem&SanjayGupta,AmjadNadeem
Ikk Kudi,Anusha Mani,AnushaMani,LateShriShivKumarBatalvi,AmitTrivedi
Tu Bhi Royega - Lyrical,"Bhavin, Sameeksha, Vishal",JyoticaTangri,Kumaar,VivekKar
Tere Sang Yaara,Souvik Ganguly,SouvikGanguly,ManojMuntashir,Arko
"Matlab - Bhavin B, Aliya H",Yasser Desai,YasserDesai,Kumaar,AnjjanBhattacharya
2 Seater Car - Kanika Kapoor Ft. Happy Singh,Vicky Sandhu,KanikaKapoor&HappySingh,VickySandhu,KanikaKapoor
"Bepanah Pyaar (Official Video) Payal Dev, Yasser Desai","Surbhi Chandna, Sharad Malhotra",PayalDev&YasserDesai,ShabbirAhmed&PayalDev,PayalDev
Kho Gaye Hum Kaha - but it s raining and you can t stopðŸŒ§ï¸(Harrlin Flip) Indian Lofi,Bollywood Lofi,"JasleenRoyal,PrateekKuhad",PrateekKuhad,JasleenRoyal
"Socha Na Tha - Nisha G, Amit S",Aishwarya Pandit,AishwaryaPandit,SonalPradhan,SonalPradhan
99 Songs - Nee Illa Naanum Video (Tamil),A.R. Rahman,Haricharan,Kabilan,A.R.Rahman
Ek Bewafaa - Full Song,Sameer Khan,SameerKhan,SameerAnjaan,Nadeem
Ve Maahi,Kesari,ArijitSingh&AseesKaur,TanishkBagchi,TanishkBagchi
Chunar - Disney s ABCD 2,Asees Kaur,ArijitSingh,MayurPuri,Sachin
99 Songs - Oor Aayiram Vaanavil Video (Tamil),A.R. Rahman,VijayYesudas,Vivek,A.R.Rahman
Paani Tera Rang,Tripti Dimri,JyoticaTangri,PawanKumar&AmjadNadeem,AmjadNadeemAamir
Darmiyaan,Yasser Desai and Sumedha Karmahe,YasserDesai&SumedhaKarmahe,YasserDesai&PiyushShankar,PiyushShankar
Ek Onkar,Guru Granth Sahib,AseesKaur,TraditionalLyrics,TraditionalComposition
Tu Jogawa Wadh Mai - Full Video,Fatteshikast,AdarshShinde,DigpalLanjekar,DevduttaManishaBaji
Tui chuli jakhon Bangla Cover Song samantaral,tui chunli jakhan,Pradip&Rittika,Dipangshu,Avik
Shake Karaan â€“ Full Video Song,Munna Michael,SuzanneD'Mello,Kumaar,MeetBros
Chaasni Si,"Yasser Desai , Sheena Bajaj",YasserDesai,VishalMishra,JeetGannguli
"Matlab - Lyrical, Bhavin B, Aliya H",Yasser Desai,YasserDesai,Kumaar,AnjjanBhattacharya
Kashi Mi Jau Mathurechya Bajari,Natarang HQ,"BelaShende,AjayGogavale andChorus",GuruThakur,AjayAtul
Bulleya,Rabbi Shergill,RabbiShergill&ShahidMallya,AshokPunjabi,SohailSen
Zhala Bobhata Bobhata - Title Track,Full Video,SarojBodhankar&PravinKunwar,MangeshKangane,AVPrafullchandra
Raajali - Official Video Song,2.0 [Tamil],"ArjunChandy,Blaaze,SidSriram",AbbasTyrewala|AmitabhBhattacharya,A.R.Rahman
Sher Aaya Sher,Gully Boy,RachelVarghese,DIVINE,ChandrashekarKunderakaMajorC
Tere Naal - Broken But Beautiful 3,"Sidharth Shukla, Sonia Rathee",AkhilSachdeva,AkhilSachdeva,AkhilSachdeva
Ikk Kudi -  Asees Kaur Version,Udta Punjab,AseesKaur,LateShriShivKumarBatalvi,AmitTrivedi
Beer Can - Official Music Video,AArish Singh and Angela Krislinzki,AArishSingh,RishiMalhi,AArishSingh
Phir Chala Song,Full Lyrics,Â JubinNautiyal,Â KunaalVermaa,Â PayalDev
Aadat Nahi Tum Bin,Jyotica Tangri,JyoticaTangri,LaadoSuwalka,RishabhSrivastava
Tu Kisi Rail Si(Cover) - Masaan,Ramanshu Mishra,SwanandKirkire,VarunGrover(BasedonaghazalbyDushyantKumar),IndianOcean
Zee TV,Aaj Likhenge Kal,ShreyaGhoshal,SrijanShukla,VishalBhardwaj
Yanthara Lokapu Sundarive (Video Song) - 2.0 [Telugu],Rajinikanth,"SidSriram,ShashaaTirupati",AbbasTyrewala|AmitabhBhattacharya,A.R.Rahman
New Hindi Bollywood song 2021,Jiss Waqt Tera Chehra,AmitMishraxu0026TarannumMalik,MoiedElhaam,Sagar
"Sona Lagda (Official Video) Sukriti, Prakriti, Sukhe",Bharatt-Saurabh,SukritiPrakriti&SukhE,Bharatt,Bharatt
Aashiqan Da Kaada,Kamli,NooranSisters,VijayDhammi,JassiNihaluwal
Endhira Logathu Sundariye (Video Song) - 2.0 [Tamil],Rajinikanth,"SidSriram,ShashaaTirupati",AbbasTyrewala|AmitabhBhattacharya,A.R.Rahman
Ae Pora,Bonus,PravinKuwar,ArvindMohite,RohanRohan
Ishq Tera Da,Kamli,NooranSisters,VijayDhammi,JassiNihaluwal
Phir Bhi Tumko Chaahungi Jyotica Version,Jyotica Tangri,JyoticaTangri,ManojMuntashir,Mithoon
Patola Lagdi ft. Jyotica Tangri,Kaptan Laadi and RDK,JyoticaTangri,KaptanLaadiandNoddy,KaptanLaadiandRDK
Vanava Petala  - Making,Ghuma,AjayGogavale,GuruThakur,"Hrishikesh,Saurabh&Jasraj"
Indian Pro Music League,Music Uncha Rahe Hamara,"VivekHariharan,Shaan,AkritiKakar,AnkitTiwari,PayalDev,JavedAli,BhoomiTrivedi,MikaSingh,AseesKaur,SajidKhan,NehaBhasin,KailashKher&ShilpaRao",AjeetShukla&ShrikantTrivedi,NaozadPatel
tere bina - Zaeden,ft. Amyra Dastur,Zaeden,Â,Zaeden
Duniya Matlab Di,Nooran Sisters,NooranSisters,VijayDhammi,JassiNihaluwal
Duniya Matlab Di,Nooran Sisters,NooranSisters,VijayDhammi,JassiNihaluwal
Sapna (Lyrics) - ARIJIT SINGH,MIX SOUND STUDIO,ArijitSingh,SachinSanghvi,Sachin
Kyun,Sushant (Rinkoo),Sushant(Rinkoo),Kumaar,Sushant
New Hindi Song Aanewale Kal - Hindi remake,1921,RahulJain,ShakeelAzmi,HarishSagane
Kalank Title Song by Radha Bhatia,#kalank #radhabhatiya #zeemusiccompany,ArijitSingh,AmitabhBhattacharya,Pritam
Arjit Singh : Rehna Tu Pal Pal Dil Ke Paas,"Sunny Deol , Karan Deol",ArijitSingh&ParamparaThakur,Siddharth,RajuSingh&RishiRich
Fan Ho Gaya - Official Music Video,Mahesh,Mahesh,InderGrewal,KRU172
Thoda Pyar Hua Tumse,Romentic Crush Love Story,StebinBen,Kumaar,NileshAhuja
Dolbywalya,Official Song,NageshMorwekar,Ajay,AjayAtul
ðŸŒ¹Kho Gaye Hum Kahan remix aesthetic songs,aesthetic video,KhoGayeHumKahanMusic,KhoGayeHumKahanMusic,KhoGayeHumKahanMusic
Kanha Soja Zara,Baahubali 2,Madhushree,ManojMuntashir,M.M.Kreem
Maana Dil - B Praak- Good Newwz,"Akshay, Kareena, Diljit, Kiara",BPraak,RashmiVirag,TanishkBagchi
Neendein Aaj Kal,Karishma S,SonalPradhan,RashmiVirag,JeetGannguli
Malang: Title Song Video,"Aditya Roy Kapur, Disha Patani, Anil K, Kunal K",VedSharma,KunaalVermaa&HaarshLimbachiyaa,VedSharma
Tera Chehra Official Video Song,Sanam Teri Kasam,ArijitSingh,ShabbirAhmed,HimeshReshammiya
The 2021 bridegoals dancing in her own engagement,Ghar more pardesiya,ShreyaGhoshalwithVaishaliMhade,PT.KiranMishra,Pritam
99 Songs - Sofia Video (Tamil),A.R. Rahman,SreekanthHariharan,Karky,A.R.Rahman
Bharat,Manikarnika,ArchitAgarwal,PrasoonJoshi,KabeerVerma
Karaar Premache,Makeup,NehaKakkar,TonyKakkar,TonyKakkar
Kuch Tum Kaho - Jannat Zubair,Jyotica Tangri,JyoticaTangri,RashmiVirag,RaghavSachar
Jothejotheyali,Title Song,"NinaadaNayak,NihalTauro&RajathHegde",Harshapriya,SunaadGowtham
Trigger - Official Music Video,Karan Sandhu,KaranSandhu,Gurnoor,RavinderSaini
Tu Hi Haqeeqat â™¥ï¸,Tum Mile,"JavedAli,IrshanAshraf&Shadab",SayeedQuadri,Pritam
Dill Mang Raha Hai Mohlat,Love Story Video,YasserDesai,ThisvideoismadejustforPromotional&non,SanjeevDarshan
Aashiq Tera (Official Song),Happy Bhag Jayegi,SohailSenFeaturingAltamashFaridi,MudassarAziz,SohailSen
Thoda Thoda Pyar Hua Tumse,New Korean Mix Hindi SongðŸ’• Korean Love Story,StebinBen,Kumaar,NileshAhuja
Chalke Re Full Video Song,Lingaa Song,AditiPaul&Srinivas,Gulzar,A.R.Rahman
Maths Mein Dabba Gul Official Video Song,Nil Battey Sannata,RohanUtpat&AartiShenai,NiteshTiwari,RohanVinayak
Seeti Maar,Radhe - Your Most Wanted Bhai,KamaalKhan&IuliaVantur,ShabbirAhmed,RockstarDSP(DeviSriPrasad)
Kisi Aur Naal - Asees Kaur,"Awez Darbar, Nagma Mirajkar","DeedarKaur,PrabhjeeKaur,GoldieSohel",GoldieSohel,GoldieSohel
Solo Brathuke So Better - Amrutha Lyric,Sai Tej,NakashAziz,KasarlaShyam,ThamanS
Dil De Diya - Full Video,Radhe,DilDeDiyaMovie,DilDeDiyaMovie,DilDeDiyaMovie
Morniyee,The Landers,Davi(TheLanders),KingRicky,TheKidd
Aa Baija Mere Kol - Sonal Pradhan,Aditya Dev,SonalPradhan,SonalPradhan,SonalPradhan
Shukran Allah,Teri Ore,FarhanSaeed&ShreyaGhoshal,Kumaar,FarhanSaeed
Vayu - Tohfa,Official Music Video,Vayu,Vayu,Vayu
LOL- Official Music Video,Ginny Weds Sunny,"PayalDev,DevNegi",KunaalVermaa,PayalDev
Lets Nacho - Kapoor & Sons,Sidharth,Badshah;BennyDayal,Kumaar;ChristopherPradeep,Nucleya;BennyDayal
Pal â€“ Jalebi,Arijit Singh,ArijitSingh&ShreyaGhoshal,PrashantIngole&KunaalVermaa,Javed
Manma Emotion Jaage - Dilwale,Varun Dhawan,"AmitMishra,AnushkaManchanda,AntaraMitra",AmitabhBhattacharya,Pritam
Enna Sona â€“ OK Jaanu,Shraddha Kapoor,ArijitSingh,Gulzar,A.R.Rahman
Suno Aisha Best Song - Aisha,Sonam Kapoor,"AmitTrivedi,NakashAziz&AshKing",JavedAkhtar,AmitTrivedi
Donâ€™t Be Shy Again - Bala,Ayushmann,"Badshah,ShalmaliKholgade,GurdeepMehendi&Sachin",Legha(Rouge),DR.ZEUS
Ae Dil Hai Mushkil - Full Song Video,Karan Johar,ArijitSingh,AmitabhBhattacharya,Pritam
Kamariya â€“ Mitron,Jackky Bhagnani,HardikPandya,Kumaar,LijoGeorge;DJChetas
Muskurane Video - Citylights,Arijit Singh,ArijitSingh,RashmiSingh,JeetGannguli
Full Video: Soni De Nakhre,Partner,"Wajid,LabhJajua,SnehaPant",ShabbirAhmed,"Sajid,Wajid"
Shayad - Love Aaj Kal,Kartik,ArijitSingh,IrshadKamil,Pritam
Punjabi Wedding Song Full Video - Hasee Toh Phasee,"Parineeti,Sidharth",SunidhiChauhan&BennyDayal,AmitabhBhattacharya,Vishal&Shekhar
Babli Badmaash Full Video - Shootout At Wadala,"Priyanka, John Abraham",SunidhiChauhan,Kumaar,AnuMalik
Haan Main Galat - Love Aaj Kal,"Kartik, Sara","AkashdeepSengupta,ShashwatSingh,NihalShetty,AshwinKulkarni&HarjotKaur",IrshadKamil,Pritam
Bolna Lyric Video - Kapoor & Sons,Sidharth,ArijitSingh;AseesKaur,Dr.DevendraKafir,TanishkBagchi
Tukur Tukur - Dilwale,Shah Rukh Khan,"ArijitSingh,KanikaKapoor,Nehakakkar,NakashAziz&SiddharthMahadevan",AmitabhBhattacharya,Pritam
Kukkad Full Video - SOTY,"Sidharth,Varun",ShahidMallyaandNishaMascarenhasandMarianne,AnvitaDutt,ShekharRavjianiandVishalDadlani
Tequila â€“ Bala,Ayushmann Khurrana,JigarSaraiya&DivyaKumar,JigarSaraiya,Sachin
Khamoshiyan Full Video - Title Track,Arijit Singh,ArijitSingh,RashmiSingh,JeetGannguli
Dum Title Track Full Video - Vivek Oberoi,Sandeep Chowta,SandeepChowtha,AbbasTyrewala,SandeepChowta
Rehguzar - Bole Chudiyan,Nawazuddin and Tamannaah,RecordingEngineerJonathanRebeiro,PuneetSharma,SamiraKoppikar
Jashn-E-Bahaaraa - Jodhaa Akbar,A.R.Rahman,JavedAli,JavedAkhtar,A.R.Rahman
Naah Goriye -Bala,Ayushmann Khurrana,"HarrdySandhu,SwastiMehul",Jaani,BPraak
Saiyyonee (Official) - Gourov Dasgupta,Asim Riaz,GourovDasgupta,SameerAnjaan,GourovDasgupta
Maari - Donâ€™u Donâ€™u Donâ€™u Video,"Dhanush, Kajal",AnirudhRavichander&AlishaThomas,Dhanush,AnirudhRavichander
Ishq Wala Love Full Video - SOTY,"Alia Bhatt,Sidharth Malhotra,Varun Dhawan","SalimMerchant,NeetiMohan&ShekharRavjiani",AnvitaDutt,Vishal&Shekhar
Mersal - Maacho Tamil Video,"Vijay, Kajal Aggarwal","SidSriram,ShwetaMohan",Vivek,ARRahman
Valam - Made In China,"Arijit Singh, Priya Saraiya","ArijitSingh,PriyaSaraiya,Sachin",PriyaSaraiya,Sachin
The Breakup Song - Ae Dil Hai Mushkil,Latest Official Song 2016,"ArijitSingh,Badshah,JonitaGandhi&NakashAziz",Amitabhbhattacharya,Pritam
Kumki - Soi Soi Video,"Vikram Prabhu, Lakshmi Menon",MagizhiniManimaaran,Yugabharathi,D.Imman
Ek Dafaa - Arjun Kanungo,Chinnamma,ArjunKanungo,SukhwinderSingh,ArjunKanungo
Jab Se Tere Naina Full Video - Saawariya,"Ranbir Kapoor,Sonam Kapoor",Shaan,SameerAnjaan,MontySharma
Drama Queen Full Video - Hasee Toh Phasee,"Parineeti, Sidharth",ShreyaGhoshal&VishalDadlani,AmitabhBhattacharya,Vishal&Shekhar
Jannat Jahan Best Video - Jannat,Emraan Hashmi,RupamIslam,NeeleshMisra,Pritam
Lets Nacho Lyric Video - Kapoor & Sons,Sidharth,Badshah;BennyDayal,Kumaar;ChristopherPradeep,Nucleya;BennyDayal
Aarya-2 - My Love Is Gone Video,Allu Arjun,K.G.Ranjith,Chandrabose,DeviSriPrasad
Soorarai Pottru - Mannurunda Song Video,Suriya,SenthilGanesh,KEkadesi,GVPrakashKumar
Coffee Peetey Peetey Full Video - Gabbar Is Back,Akshay Kumar and Shruti Haasan,DevNegi/ParomaDasGupta,Kumaar,ChirantanBhatt
Tum Se Hi â€“ Sadak 2,Ankit Tiwari,AnkitTiwari&LeenaBose,ShabbirAhmed,AnkitTiwari
Bhare Bazaar Full Video - Namaste England,"Arjun Kapoor, Parineeti",VishalDadlani;PayalDev;Badshah;BPraak,MasterRakesh;Badshah,RishiRich;Badshah
Sarkar  - OMG Ponnu Song Video (Tamil),"Thalapathy Vijay, Keerthy Suresh","Sathyaprakash,NakulAbhyankar,AravindSrinivas,Deepak,Santhosh",Vivek,ARRahman
Daayre Full Video - Dilwale,Shah Rukh Khan,ArijitSingh,AmitabhBhattacharya,Pritam
A.R. Rahman - Masti Ki Paathshala Best Audio Song,Rang De Basanti,"NareshIyer,MohammedAslam",PrasoonJoshi,A.R.Rahman
Aaj Kal Zindagi Full Video - Wake Up Sid,"Ranbir Kapoor, Konkona Sen",ShankarMahadevan,JavedAkhtar,ShankarEhsaanLoy
Shola,AKASA ft. Charan,Akasa&Charan,Charan&Akasa,SholaisacollaborationbetweenpopqueenAKASAandcomposer
Dil Ibaadat Full Video - Tum Mile,"Emraan Hashmi,Soha Ali Khan",KK,SayeedQuadri,Pritam
Bhare Bazaar â€“ Namaste England,Arjun,VishalDadlani;PayalDev;Badshah;BPraak,MasterRakesh;Badshah,RishiRich;Badshah
Zehnaseeb Full Video - Hasee Toh Phasee,"Parineeti, Sidharth",ChinmayiSripaada&ShekharRavjiani,AmitabhBhattacharya,Vishal&Shekhar
OK Jaanu - Full Song Video,Aditya Roy Kapur,"A.R.Rahman,SrinidhiVenkatesh",Gulzar,A.R.Rahman
Tum Se Hi (Reprise) â€“ Sadak 2,Alia Bhatt,AliaBhatt,ShabbirAhmed,AnkitTiwari
Dil Khol Ke Let s Rock Full Video - We Are Family,"Kareena, Kajol","AnushkaManchanda,AkritiKakar&SurajJagan",AnvitaDutt,ShankarEhsaanLoy
Thug Ranjha - Official Video,AKASA,AKASA,Vayu,Vayu
Bole Chudiyan : Cover,Kabhi Khushi Kabhi Gam,"AmitKumar,SonuNigam,AlkaYagnik,UditNarayan&KavitaKrishnamurthy",SameerAnjaan,Jatin
Zehnaseeb Lyric Video - Hasee Toh Phasee,"Parineeti, Sidharth",ChinmayiSripaada&ShekharRavjiani,AmitabhBhattacharya,Vishal&Shekhar
Soorarai Pottru - Kayilae Aagasam Lyric,"Suriya, Aparna",YaduKrishnanK,AntonyJerome,GVPrakashKumar
Acha Lagta Hai Best Video - Aarakshan,Deepika Padukone,MohitChauhanandShreyaGhoshalandNeuman,PrasoonJoshi,ShankarEhsaanLoy
Iktara Full Video - Wake Up Sid,"Ranbir Kapoor,Konkona Sen Sharma",KavitaSeth,JavedAkhtar,ShankarEhsaanLoy
Comali - Paisa Note Video,"Jayam Ravi, Kajal Aggarwal",Kaushikkrish,"HiphopTamizha,PradeepRanganathan,Mobin,GanaKavi",HiphopTamizha
Saibo Full Video - Shor In The City,"Radhika Apte,Tusshar",ShreyaGhoshal&TochiRaina,SameerAnjaan;PriyaPanchal,SachinJigar
Mera Aasmaan Hai Papa,Mera Fauji Calling,ShaliniPrateekSinha,ShakeelAzmi,VijayVerma
Maston Ka Jhund Full Video - Bhaag Milkha Bhaag,Farhan Akhtar,JavedBashir,PrasoonJoshi,ShankarEhsaanLoy
Pyaar Toh Tha - Bala,Ayushmann,JubinNautiyal&AseesKaur,PriyaSaraiya,Sachin
OK Jaanu - Full Song Lyric Video,Aditya Roy Kapur,"A.R.Rahman,SrinidhiVenkatesh",Gulzar,A.R.Rahman
Tera Zikr - Darshan Raval,Official Video - Latest New Hit Song,DarshanRaval,AMTuraz,DarshanRaval
Phir Chala - Official Video,Ginny Weds Sunny,JubinNautiyal,KunaalVermaa,PayalDev
Bin Tere Lyric Video - I Hate Luv Storys,"Sonam Kapoor, Imran Khan",ShafqatAmanatAli&SunidhiChauhan,VishalDadlani,Vishal&Shekhar
"Smile Deke Dekho - Alia Bhatt, Ranbir Kapoor","Amit Trivedi, Sunidhi Chauhan, Nakash Aziz , Vayu",SunidhiChauhan&NakashAziz,Vayu,AmitTrivedi
Thani Oruvan - Theemai Dhaan Vellum Lyric,"Jayam Ravi, Nayanthara",ArvindSwamy&HiphopTamizha,HiphopTamizha,HiphopTamizha
Rab Ka Shukrana,Emraan Hashmi Songs,MohitChouhan,SanjayMasoom,Pritam
Ishq Kamaal - Sadak 2,Full Song,JavedAli,SuniljeetandShaluVaish,Suniljeet
Channa Mereya -  Ae Dil Hai Mushkil,Karan Johar,"KeshiaBraganza,GwenDias",AmitabhBhattacharya,Pritam
NAIYYO - Official Music Video,AKASA x Raftaar,GonzaloHermida,"AKASA,DilinNair(Raftaar)","AKASA,DilinNair(Raftaar),GonzaloHermida,RicardoLobo"
Premika - Dilwale,Varun Dhawan,BennyDayal;KanikaKapoor,AmitabhBhattacharya,Pritam
Tubelight - RADIO SONG,Salman Khan,TusharJoshi,AmitabhBhattacharya.,Pritam.
Qatra â€“ Stebin Ben,Karishma Tanna,StebinBen,SanjeevChaturvedi,Sanjeev
Vivegam - Kadhalaada Official Song Video,Ajith Kumar,PradeepKumar&ShashaaTirupati,"KabilanVairamuthu,Vivekha,YogiB,Siva",AnirudhRavichander
Ishq Kamaal â€“ Sadak 2,Javed Ali,JavedAli,Suniljeet&ShaluVaish,Suniljeet
Tune Mujhe Pehchana Nahia Full Video - Raju Chacha,"Ajay Devgan, Kajol",Shaan,AnandBakshi,Jatin
Teri Khushboo Video Edit - Mr. X,"Emraan Hashmi, Amyra",ArijitSingh,RashmiSingh,JeetGannguli
Bolna - Kapoor & Sons,Sidharth Malhotra,ArijitSingh;AseesKaur,Dr.DevendraKafir,TanishkBagchi
Palang Tod ,"Govinda, Akshay Kumar & Sonakshi Sinha","MikaSingh,RituPathak",IrshadKamil,Pritam
Mehrama - Love Aaj Kal,Kartik,DarshanRaval&AntaraMitra,IrshadKamil,Pritam
Shubhaarambh Full Video - Kai Po Che,"Sushant Singh Rajput, Rajkummar Rao, Amit Sadh",ShrutiPathakandDivyaKumar,SwanandKirkire,AmitTrivedi
Ankhon Mein Basa Lunga - Bezubaan Ishq,Sneha Ullal,"MohitChauhan,Parineeta",JashwantGangani,RupeshVerma
Odhani Full Song - Made In China,Rajkummar and Mouni,"NehaKakar,DarshanRaval&Sachin",KantiAshok,Mahesh
Babuji Zara Dheere Chalo Lyric Video - Dum,Vivek Oberoi,SukhwinderSinghandSonuKakkar,SameerAnjaan,SandeepChowta
SAB TERA Video Song,BAAGHI,AmaalMallik.,SANJEEVCHATURVEDI,AMAALMALLIK
"Fikar - Rahat Fateh Ali Khan , Neha Kakkar , Badshah",Do Dooni Panj,"RahatFatehAliKhan,NehaKakkar,Badshah,AmritMaan,JordanSandhu,TheLanders","AmritMaan.RabSukhRakhey,BuntyBains,VinderNathuMajra","Badshah,TheBoss,MeetSehra,JassiKatyal"
Shambhu Sutaya - Official Music Video,Anybody Can Dance,"ShankarMahadevan,VishalDadlani",MayurPuri,SachinJigar
Aye Manya Full Video - Shootout At Wadala,"John Abraham,Tusshar Kapoor",AdnanSami&Shaan,Kumaar&SanjayGupta,MeetBrosAnjjan
Saibo (Slowed+Reverb),Shor In The City,ShreyaGhoshal&TochiRaina,SameerAnjaan;PriyaPanchal,SachinJigar
Zindagi Full Video - Bala,"Aayushmann,Bhumi,Yami",NeumanPinto,BhargavPurohit,Sachin
Manja Full Video - Kai Po Che,"Sushant Singh Rajput,Rajkummar Rao,Amit Sadh",AmitTrivediandMohanKanan,SwanandKirkire,AmitTrivedi
Rahogi Meri - Love Aaj Kal,Kartik Aaryan,ArijitSingh,IrshadKamil,Pritam
She Move It Like - Official Video,Badshah,Badshah,Badshah,OriginalNeverEndsfeaturesthedivasofPopMusic
Enna Sona â€“ Lyric Video,Shraddha Kapoor,ArijitSingh,Gulzar,A.R.Rahman
Sawarne Lage Full Video - Mitron,"Jackky Bhagnani, Kritika",JubinNautiyal(MaleVersion),TanishkBagchi,TanishkBagchi
Ishq Namazaa,The Big Bull,GourovDasgupta,KunwarJuneja,GourovDasgupta
Gaddalakonda Ganesh (Valmiki) - Jarra Jarra Telugu Lyric,"Varun Tej, Atharvaa","AnuragKulkarni,UmaNeha",BhaskarbhatlaRavikumar,MickeyJMeyer
Challa (Tigerstyle) Remix Full Video - Crook,"Emraan Hashmi,NehaBabbu Mann, Suzanne",BabbuMannandSuzanneD'Mello,Kumaar,Pritam
Tiger Shroff - Unbelievable (Official Music Video),BGBNG Music,Â TigerShroff,DanielGlavin&KevinPabonforPenthouseRecordingStudiosNYC,"Â DanielÂ Glavin,KevinPabon,andAviteshShrivastav"
Tu Hi Haqeeqat (unplugged),Ansh Singh,"JavedAli,IrshanAshraf&Shadab",SayeedQuadri,Pritam
Mareez-E-Ishq Full Video - ZiD,"Mannara, Karanvir",ArijitSingh,ShakeelAzmi,Sharib
Tere Bina [Lofi] [Lyrics] - A.R Rahman,SPACE OF MUSIC,"A.R.Rahman,Chinmaye,MurtuzaKhan&QadirKhan","TereBinaBestVideoGurulAishwaryaRai|AbhishekBachchanChinmayi,TereBinaVideoSong|Tezz|AjayDevgan&KangnaRanautRahatFatehAliKhan,terebina",A.R.Rahman
Bhauji - Full Song - Roohi,"Rajkummar, Janhvi, Varun",DivyaKumar,AmitabhBhattacharya,Sachin
Premaalayam - Randi Babu Randi Video,A.R.Rahman,Haricharan&Dr.Narayan,KandiKondaYadagiri,A.R.Rahman
Aur Tanha - Love Aaj Kal,Kartik Aaryan,K.K.,IrshadKamil,Pritam
Tum Mile - Title Song - Reprise cover by Amrita Nayak,"Javed Ali, Pritam",@JavedAli,Kumaar,@Pritam
Maari - Maari Thara Local Video,Dhanush,"Dhanush,AnirudhRavichander",Dhanush,AnirudhRavichander
Humein Aur Jeene Ki Chahat  Cover Song,Agar Tum Na Hote Song,"LataMangeshkar,KishoreKumar",GulshanBawra,R.D.Burman
Kiston,Jubin Nautiyal,JubinNautiyal,AmitabhBhattacharya,SachinJigar
Buddhu Sa Mann - Kapoor & Sons,Sidharth,ArmaanMalik;AmaalMallik,AbhiruchiChand,AmaalMallik
Puli - Sottavaala Video,"Vijay, Hansika Motwani",ShankarMahadevan&M.M.Manasi,Vairamuthu,DeviSriPrasad
PARINDA â€“ Anushka Sharma,Shah Rukh Khan,PARDEEPSRAN,IRSHADKAMIL,PRITAM
Daayre - Dilwale,Shah Rukh Khan,ArijitSingh,AmitabhBhattacharya,Pritam
Dinesh Lal Nirahua,Lobher Kehtiya Sorry,DineshLalNirahua,R.R.Pankaj,VinayVinayak
Citylights - Muskurane Lyric Video,Arijit Singh,ArijitSingh,RashmiSingh,JeetGannguli
Mere Rashke Qamar,Baadshaho,"Nanda,Kumar,Ganesh,Prasanna",A1MelodyMaster,NusratFatehAliKhan
The Big Bull (Title Track) - Abhishek Bachchan,Ileana D&#39;Cruz,CarryMinati(AjeyNagar),CarryMinati(AjeyNagar),WilyFrenzy
Sangathamizhan - Sandakari Neethan Video,"Vijay Sethupathi, NivethaPethuraj","AnirudhRavichander,JonitaGandhi,MervinSolomon",PrakashFrancis,Vivek
Aastha Gill - Saara India,Priyank Sharma,AasthaGill,Nikk,MixSingh
Arijit Singh : Shayad Lockdown Version - Taposh Halder,Pritam,TaposhHalder,",saraalikhan,arushi,loveaajkal,kartikaryan,emmaheesters,pritamsongs,shayadcover,shayadenglishversion,shayadenglishcover,shayadlockdownversion,shayadcoversong,shayadcoverversion,shayadnewversion,sonymusicindia,arijitsingh,pritam,paarthsingh,latesthits,kartikaryaan,shayadlyrics,arijitsinghsongs2020,saraalikhanandkartik,shayadsongloveaajkal,shayadsongcover,shayadguitarversion,shayadfemalecover,shayadmaleversion,shayad,shayadreprise,shayadmale,shayadfalsettoversion,shayadnewversion,shayadnew,shayadkaraoke,loveaajkalsongs,loveaajkal,loveaajkal,shayad,loveaajkalshayad,shayadsong,cover,loveaajkalcover,shayadcover,english,arijitsingh,shayadarijitsingh,shayadloveaajkal,shayadfullsong,shayadlyrics,shayadcoversong,arijitsinghshayad,shayadfullsonglyrics,shayadsonglyrics,shayad8dsong,shayadfemaleversion,shayadfullsongarijitsingh,loveaajkal2,pritam,harpalgeo,saraalikhan,kartikaryan,shayadarijit,shayadsongloveaajkal,loveaajkalsongs",Pritam.
Tum mile to lamhe tham gaye Song,Tum Mile,NeerajShridhar,Kumaar,Pritam
Kiston,Jubin Nautiyal,KistonWiththesoothingvoiceofJubinNautiyal....Song,KistonWiththesoothingvoiceofJubinNautiyal....Song,KistonWiththesoothingvoiceofJubinNautiyal....Song
Sunny Leone - Lovely Accident - Official Music Video,"Taposh , Krushna",Taposh&HarjotKaur,ShlokeLal,KaushikAkashGuddu(KAG)ForJam8
Aakaasam Nee Haddhu Ra - Kaatuka Kanule Video,"Suriya, Aparna","KCBalasarangan,AlaBBala.",Bhaskarabhatla,GVPrakashKumar
Kiston - Full Song-Roohi,"Rajkummar,Janhvi,Varun","JubinNautiyal,Sachin",AmitabhBhattacharya,Sachin
Janam Janam Full Video - Dilwale,Shah Rukh Khan,ArijitSingh;AntaraMitra,AmitabhBhattacharya,Pritam
Vivegam - Thalai Viduthalai Official Song Video - Ajith Kumar,Anirudh,AnirudhRavichander&HarishSwaminathan,"KabilanVairamuthu,Vivekha,YogiB,Siva",AnirudhRavichander
Tu Har Lamha,Khamoshiya n,ArijitSingh,SayeedQuadri,Bobby
Zara Si Dil Main x Jannatein,Mashup,KK,SayeedQuadri,Pritam
Tu Hi Haqeeqat ft. DJM,Emraan Hashmi Songs,"JavedAli,IrshanAshraf&Shadab",SayeedQuadri,Pritam
Sarkar - Top Tucker Lyric Video,Thalapathy Vijay,"Sathyaprakash,NakulAbhyankar,AravindSrinivas,Deepak,Santhosh",Vivek,ARRahman
O Meri Jaan x Dil Ibaadat - Mashup(Unplugged Cover),Amit Tomer,KK,SayeedQuadri,Pritam
Hasi Ban Gye,Sonia Rav Aulakh,HasiMovie,HasiMovie,HasiMovie
Deadpool - Top Tucker [4K] Video Song,Sarkar,"Sathyaprakash,NakulAbhyankar,AravindSrinivas,Deepak,Santhosh",Vivek,ARRahman
Seeti Maar,"BTS reaction l bollywood new song l Salman Khan, Disha Patani l Radhe",KamaalKhan&IuliaVantur,ShabbirAhmed,RockstarDSP(DeviSriPrasad)
Shayad,Cover by Gj,ArijitSingh,IrshadKamil,Pritam
Neele Neele Ambar Par (Remix),DJ Chirag Dubai,KishoreKumar,"Indivar,ManojKumar",Kalyanji
Kadaikutty Singam - Sandakkaari Tamil Video,"Karthi, Sayyeshaa","D.Imman,VandanaSrinivasan",Yugabharathi,D.Imman
Rab Ka Shukrana - New Version Unplugged Cover,Jannat 2,MohitChauhan,SanjayMasoom,Pritam
Hawayein Cover Song,Suryansh,ArijitSingh,"ArijitSinghsingsthisromanticlovesongstarringShahRukhKhan,AnushkaSharmawithmusicgivenbyPritamwhilelyricswrittenbyIrshadKamil.HawayeinisamagicalsongfromImitiazAli'sJabHarryMetSejalthatmakesusallexperiencelovelikeneverbefore!",PritamChakraborty
Pav Dharia â€“ Mahiya,Manav Sangha,PavDharia,ManavSangha,ManavSangha
NGK - Anbae Peranbae Song Promo,Suriya,"SidSriram,ShreyaGhoshal",UmaDevi,YuvanShankarRaja
Baby Doll Full Video Song Ragini MMS 2,Sunny Leone,MeetBrosAnjjanfeat.KanikaKapoor,Kumaar,MeetBrosAnjjan
Amar Akbar Anthony - Yenno Njaanende Full Song Video,"Prithviraj, Jayasurya, Indrajith, Namitha",BabySreya,BaappuVaavaad,Nadirshah
#65,Zara Si Dil Me De Jagah Tu,KK,SayeedQuadri,Pritam
Kadaikutty Singam - Adivellakkaara Velaayi Video,Tamil Video,AnthonyDaasan,Mahalingam,D.Imman
Udhayam NH4 - Yaaro Ivan Video,"Siddharth, Ashrita",G.V.PrakashKumar&Saindhavi,Na.Muthukumar,G.V.PrakashKumar
Char Baj Gaye Full Video - F.A.L.T.U,Jackky Bhagnani,HardKaur,SameerAnjaan,SachinSanghviandJigarSaraiya
Tere Bina (Dum Dara)Dance Cover,Live Instrumental,"A.R.Rahman,Chinmaye,MurtuzaKhan&QadirKhan",Gulzar,A.R.Rahman
99 Songs - Jwalamukhi Video (Tamil),A.R. Rahman,"PoorviKoutish,SarthakKalyani",Karky,A.R.Rahman
Raat Ke Saaye Tale - Bullets,"Sunny Leone, Karishma",AakankshaSharma,RohitSharma,RaghavSachar
Kabhi Alvida Naa Kehna Whatsapp Status Video ~ Rhythm Bros ðŸ”¥,Shahrukh,SonuNigam&AlkaYagnik,JavedAkhtar,ShankarEhsaanLoy
Kal Ho Naa Ho [LoFi][Lyrics]-Harrlin Flip,Text Audio Songs,SonuNigam,"TitleTrackShahRukhKhan,SaifAli,PreitySonuNigamKaranJ,#KalHoNaaHolofifullsong,#KalHoNaaHolofimix",ShankarEhsaanLoy
Johnny Johnny with Lyrics - Entertainment,"Akshay Kumar, Tamannaah, Sachin Jigar","Jigar,PriyaPanchal&MadhavKrishna","MayurPuri,PriyaPanchal&AshishPandit",SachinJigar
Malhari Full Video Song,Bajirao Mastani,VishalDadlani,PrashantIngole,SanjayLeelaBhansali
Kyon - Official Video,Barfi,PaponandSunidhiChauhan,NeeleshMisra,Pritam
Tehas Nehas - Khaali Peeli,Ishaan and Ananya,ShekharRavjiani&PrakritiKakar,Kumaar,VishalAndShekhar
Rajvaadi Odhni -  Kalank,"Alia Bhatt, Varun Dhawan, Madhuri and Sonakshi",BabuKhan&KailashKhan,AmitabhBhattacharya,Pritam
Full Video: Akh Lad Jaave,Loveyatri,Badshah,TanishkBagchiAndBadshah,TanishkBagchi
Mere Gully Mein,Gully Boy,"RanveerSingh,DIVINE&Naezy",DIVINE&Naezy,"DIVINE,Naezy&Sezonthebeat"
 Shakira  Full VIDEO Song,Welcome 2 Karachi,SHALMALIKHOLGADE,KAUSARMUNIR,JEETGANNGULI
Goosebump,Kung Fu Yoga,Fazilpuria,ROSSH,ROSSH
Lae Dooba - Lyrical,Aiyaary,SunidhiChauhan,ManojMuntashir,RochakKohli
Teddy Bear - Sakshi Salve s book  The Big Indian Wedding  official song ,Kanika Kapoor & Ikka,KanikaKapoor&IkkaSingh,ShabbirAhmed,KanikaKapoor
â¤ï¸â¤ï¸ Indino Cover,Sagar Mondal,SohamChakraborty,SayeedQuadri,Pritam
Roz Roz Aankhon Tale,Pritam Kumar,AshaBhosle;AmitKumar,Gulzar,R.D.Burman
mera naam tu haathon pe apne likhe baar haan status,whatsapp New status,ShafqatAmanatAli,SayeedQuadri,Pritam
Tune Jo Na Kaha,Cover By Farzan Faaiz,MohitChauhan,SandeepShrivastava,Pritam
Mayya Mayya (Remix),DJ Tejas,"MariamToller,Chinmaye&KirtiSagathia",Gulzar,A.R.Rahman
Iktara,Piano Cover,"KavitaSeth,AmitabhBhattacharya",JavedAkhtar,AmitTrivedi
Janam Janam,Talab Talab,ArijitSingh;AntaraMitra,AmitabhBhattacharya,Pritam
Nadiyon Paar (Let the Music Play) ,Janhvi,"Shamur,RashmeetKaur,IPSingh,Sachin","IPSingh,JigarSaraiya",Sachin
Phir Chala,Jubin Nautiyal,JubinNautiyal,KunaalVermaa,PayalDev
Shayad,Cover By Nish,ArijitSingh,IrshadKamil,Pritam
Saibo - Shor in the city ~ Indian Lofi - Bollywood lofi - @VIBIE MUSIC,daallies,Shreyaghoshal&tochiRaina,Sameeranjaan&Priyapanchal,Sachinjigar
Jeene Laga Hoon Lyrical - Ramaiya Vastavaiya,"Girish Kumar, Shruti Haasan","AtifAslam,ShreyaGhoshal",PriyaPanchal,SachinJigar
Chamma Chamma Full Video - Fraud Saiyaan,"Elli AvrRam, Arshad","NehaKakkar,Romy,Arun&Ikka",Kumaar,AnuMalik
Heeriye Song Video - Race 3,"Salman Khan, Jacqueline",KamaalKhan,Kumaar,MeetBros
Chamma Chamma Official Song - Fraud Saiyaan,"Elli AvrRam, Arshad","NehaKakkar,Romy,Arun&Ikka",Kumaar,AnuMalik
Dil Meri Na Sune Song Video - Genius,"Utkarsh, Ishita",AtifAslam,"Kumaar,ManojMuntashir&ShabbirAhmed",HimeshReshammiya
Ashiqui Mein Teri 2.0 Official Song - Happy Hardy And Heer,"Himesh Reshammiya, Ranu Mondal","HimeshReshammiya,RanuMondal","Kumaar,ShabbirAhmed,HimeshReshammiya,VishalMishra&AaryanTiwari",HimeshReshammiya
Jadoo Ki Jhappi Lyrical Video - Ramaiya Vastavaiya,Girish Kumar and Shruti,"MikaSingh,NehaKakkar",PriyaPanchal,SachinJigar
Gallan Kardi Lyrical - Jawaani Jaaneman,"Saif Ali Khan, Tabu, Alaya F",JazzyB&JyoticaTangri,PreetHarpal&MumzyStranger,Prem&Hardeep
Dhating Naach - Phata Poster Nikhla Hero ,Shahid & Nargis,NakashAziz&NehaKakkar,AmitabhBhattacharya,Pritam
Tera Fitoor Song Video - Genius,"Utkarsh Sharma, Ishita Chauhan","ArijitSingh,","Kumaar,ManojMuntashir&ShabbirAhmed",HimeshReshammiya
Aaj Zid - Song Video,Aksar 2,ArijitSingh,SayeedQuadri,Mithoon
Selfish Song Video - Race 3,"Salman Khan, Bobby, Jacqueline",VishalMishra,SalmanKhan,VishalMishra
Zara Zara Touch Me Song,Race,"MonaliThakur,EarlEdgar",Sameer,Pritam
Johnny Johnny - Entertainment,Akshay Kumar and Tamannaah - Official HD Video Song 2014,"Jigar,PriyaPanchal&MadhavKrishna","MayurPuri,PriyaPanchal&AshishPandit",SachinJigar
OLE OLE 2.0 - Jawaani Jaaneman,Saif Ali Khan,Abhijeet,Sameer,DilipSen
Tujhse Kahan Juda Hoon Main Song Video - Genius,"Utkarsh, Ishita","HimeshReshammiya,NeetiMohan,VineetSingh","Kumaar,ManojMuntashir&ShabbirAhmed",HimeshReshammiya
Full Video: OLE OLE 2.0 - Jawaani Jaaneman,"Saif Ali Khan, Tabu, Alaya F",Abhijeet,Sameer,DilipSen
Party Chale On Song Video - Race 3,Salman Khan,"MikaSingh,IuliaVantur",HardikAcharya,Vicky
Tere Bin Nahin Jeena Mar Jana,Manisha Koirala,LataMangeshkar,AnandBakshi,NusratFatehAliKhan
Holi Biraj Ma Official Song Video - Genius,"Utkarsh, Ishita",JubinNautiyal,"Kumaar,ManojMuntashir&ShabbirAhmed",HimeshReshammiya
Party On My Mind,Race 2,"YoYoHoneySingh,KK,ShefaliAlvares",PrashantIngole.,Pritam
Heeriye Official Song- Happy Hardy And Heer,"Himesh Reshammiya, Arijit Singh, Shreya Ghoshal","RituRaj,AishwaryaMajmudar,SalmanShaikh&AnuduttShamain","Kumaar,ShabbirAhmed,HimeshReshammiya,VishalMishra&AaryanTiwari",HimeshReshammiya
Peecha Chhute - Lyrical Video,Ramaiya Vastavaiya,MohitChauhan,PriyaPanchal,SachinJigar
Bhangra Paa Le  - Bhangra Paa Le,"Sunny Kaushal, Rukshar Dhillon","SadhanaSargam,Mohd.Aziz,SudeshBhosle","ShlokeLal,SiddhantKaushal,MandyGill,A",RajeshRoshan
Jaana Ve - Video Song,Aksar 2,ArijitSingh,SayeedQuadri,Mithoon
Teri Mohabbat Ne Dil,Jitendra,"AlkaYagnik,KumarSanu",SurenderSaathi,Nadeem
Tere Bin - Video Song,Bas Ek Pal,AtifAslam,SayeedQuadri,Mithoon
Yeh Sheher Hai Aman Ka,Bipasha Basu,"Suzzan,JollyMukherjee,BaliBrahmbhatt",Sameer,NadeemShravan
Tu Itni Pagli,Kisna,"UditNarayan,AlkaYagnik",JavedAkhtar,IsmailDarbar
"Loveshhuda Official Trailer - Girish Kumar, Navneet Dhillon",Latest Bollywood Movie,"AtifAslam,VishalDadlani,GippyGrewal,Parichay,NehaKakkar,TeeshaNigam","SayeedQuadri,Kumaar,ManojYadav,Parichay,YuvrajGoel(TheGunsmith)","Mithoon,Parichay"
Chunnari Chunnari,Salman Khan,Abhijeet&AnuradhaSriram,Sameer,AnuMalik
90s Popular Song: Telephone Dhoon Mein,Hindustani,"Hariharan,KavitaKrishnamurthy",P.K.Mishra,A.R.Rahman
Veerey Di Wedding Full Video - Entertainment,"Akshay Kumar, Tamannaah",MikaSingh,"MayurPuri,PriyaPanchal&AshishPandit",SachinJigar
Kitna Pyaara Hai Yeh Chehra,Bipasha Basu,AlkaYagnik&UditNarayan,Sameer,NadeemShravan
Pagg Wala Munda - Video Song,Ambarsariya,"DiljitDosanjh,TarannumMalik",HappyRaikoti&DeepArraicha,JatinderShah
Johnny Johnny Full Video - Entertainment,Akshay Kumar and Tamannaah,"Jigar,PriyaPanchal&MadhavKrishna","MayurPuri,PriyaPanchal&AshishPandit",SachinJigar
Pyar De Pyar Le Official Song Video - Genius,"Utkarsh, Nawaz","DevNegi,IkkaandIuliaVantur","Kumaar,ManojMuntashir&ShabbirAhmed",HimeshReshammiya
Kala Joda - Bhangra Paa Le,"Sunny,Rukshar",Romy&ShalmaliKholgade,"ShlokeLal,SiddhantKaushal,MandyGill,A",AkashdeepSenguptaforJam8
Mat Kar Tu Abhiman,Anup Jalota,AnupJalota,AnupJalota,AshokSharma
Tujhse Kahan Juda Hoon Main Full Video- Genius,"Utkarsh, Ishita","HimeshReshammiya,NeetiMohan,VineetSingh","Kumaar,ManojMuntashir&ShabbirAhmed",HimeshReshammiya
Kala Joda Lyrical  - Bhangra Paa Le,"Sunny, Rukshar",Romy&ShalmaliKholgade,"ShlokeLal,SiddhantKaushal,MandyGill,A",AkashdeepSenguptaforJam8
Chahenge Tumhein - Video Song,Vaah! Life Ho Toh Aisi,"UditNarayan,ShreyaGhoshal",Sameer,HimeshReshammiya
Duggi Official Song - Happy Hardy And Heer,"Himesh Reshammiya, Shannon K, Navraj Hans, Raja Sagoo","HimeshReshammiya,NavrajHans,RajaSagoo&ShannonK","Kumaar,ShabbirAhmed,HimeshReshammiya,VishalMishra&AaryanTiwari",HimeshReshammiya
Kisna: Hum Hain Is Pal Yahan,A.R. Rahman,"UditNarayan,Madhushree",JavedAkhtar,A.R.Rahman
"Party On My Mind Video Song - Race 2 I Saif, Deepika Padukone, John Abraham, Jacqueline",Pritam,URL&BOB,PrashantIngole.,Pritam
Jaati Hoon Main,Sharukh Khan,"KumarSanu,AlkaYagnik",Indeevar,RajeshRoshan
Chamma Chamma Lyrical - Fraud Saiyaan,"Elli AvrRam, Arshad Warsi","NehaKakkar,Romy,Arun&Ikka",Kumaar,AnuMalik
Phir Main Kaahe Mandir Jaun,Sukhwinder Singh,"SukhwinderSingh,AlkaYagnik",JavedAkhtar,IsmailDarbar
OSCAR - Video Song,Kaptaan,GippyGrewalfeat.Badshah,"AmritMaan,RajRanjodh,Jaani,BabuSinghMaan","DJFlow,JaidevKumar,BPraak"
Veerey Di Wedding - It s Entertainment,"Akshay Kumar, Tamannaah, Mika - Latest Bollywood Song 2014",MikaSingh,"MayurPuri,PriyaPanchal&AshishPandit",SachinJigar
Choomlu Honth Tere - Full Video,"Sam Merchant, Carla","KumarSanu,Alkayagnik","NoorKaskar,Sameer",Nadeem
Jaana Hai Jaana Hai Kasak,Lucky Ali and Meera,LuckyAli,Sameer,M.M.Kreem
Teri Meri Kahani Official Remix- Happy Hardy And Heer,Himesh Reshammiya and Ranu Mondal,HimeshReshammiya&RanuMondal,"Kumaar,ShabbirAhmed,HimeshReshammiya,VishalMishra&AaryanTiwari",HimeshReshammiya
Mere Bina Tu - Bollywood Sing Along - Phata Poster Nikhla Hero,Shahid and Ileana,RahatFatehAliKhan,IrshadKamil,Pritam
Teri Mahima Aprampaar - It s Entertainment,"Akshay Kumar, Tamannaah - Latest Bollywood Song 2014","AnushkaManchanda,UditNarayan","MayurPuri,PriyaPanchal&AshishPandit",SachinJigar
Full Song: Honthon Pe Bas,Mika Singh,"LataMangeshkar,KumarSanu",Sameer,DilipSen
Dil Meri Na Sune Full Video - Genius,"Utkarsh, Ishita",AtifAslam,"ManojMuntashir,","HimeshReshammiya,"
Tu Mere Agal Bagal - Phata Poster Nikhla Hero,Shahid and Ileana,MikaSingh,IrshadKamil,Pritam
Hai Re Hai Re Song Video - Khushi,"Hema Sardesai, KK","HemaSardesai,KK",Sameer,AnuMalik
Aati Kya Khandala,Ghulam,"AamirKhan,AlkaYagnik",Nitinraikar,JatinLalit
Jungle Hai Aadhi Raat Hai,Salman Khan,HemaSardesai&KumarSanu,Sameer,AnuMalik
Yeh Zindagi Kabhi Kabhi Song Video - Tadipaar,"S. P. Balasubrahmanyam, Alka Yagnik","S.P.Balasubrahmanyam,AlkaYagnik",Sameer,Nadeem
Ishqbaaziyaan Official Song - Happy Hardy And Heer,"Himesh Reshammiya,Sonia","JubinNautiyal,HarshdeepKaur,AseesKaur,AlamgirKhan","Kumaar,ShabbirAhmed,HimeshReshammiya,VishalMishra&AaryanTiwari",HimeshReshammiya
Tod Diya,"Lucky Ali, Meera",M.M.Kreem,Sameer,M.M.Kreem
Husnn Hai Suhaana New Lyrical,Varun Dhawan,"ChandanaDixit,AbhijeetBhattacharya",SameerAnjaan,AnandMilind
Romantic Song  Hum Hai Is Pal Yahan ,Udit Narayan,"UditNarayan,Madhushree",JavedAkhtar,A.R.Rahman
Dhating Naach - Phata Poster Nikhla Hero,Shahid &Nargis,NakashAziz&NehaKakkar,AmitabhBhattacharya,Pritam
BARASU DE,"Shivani Baokar, Nitish Chavan","AbhishekTelang,SayliKamble",PravinShelke,PravinShelke
Agar Mere Paas Paisa Song Video - Tadipaar,Vinod Rathod,VinodRathod,Sameer,Nadeem
Bhangra Paa Le Lyrical - Bhangra Paa Le,"Sunny Kaushal, Rukshar","SadhanaSargam,Mohd.Aziz,SudeshBhosle","ShlokeLal,SiddhantKaushal,MandyGill,A",RajeshRoshan
Des Mere Des Song Video - The Legend Of Bhagat Singh,"A.R. Rahman, Sukhwinder Singh","A.R.Rahman,SukhwinderSingh",Sameer,A.R.Rahman
Bikhri Zulfon Ko Sajaane Ki Song Video - Tadipaar,"Kumar Sanu, Alka Yagnik","KumarSanu,AlkaYagnik",Sameer,Nadeem
Maa Sirf Naata Nahi Full Video - Amar Akbar Anthony,Mohammad Rafi,MohammadRafi,AnandBakshi,Laxmikant
Holi Biraj Ma Full Video - Genius,"Utkarsh, Ishita",JubinNautiyal,"Kumaar,ManojMuntashir&ShabbirAhmed",HimeshReshammiya
Titliyan Titliyan Full Video - Teesri Aankh,"Sonu Nigam, Shweta Pandit","SonuNigam,ShwetaPandit",Sameer,HarryAnand
Dil Meri Na Sune Lyrical - Genius,"Utkarsh,Ishita",AtifAslam,"ManojMuntashir,","HimeshReshammiya,"
Gallan Kardi - Jawaani Jaaneman,"Saif Ali Khan, Tabu, Alaya F",JazzyB&JyoticaTangri,PreetHarpal&MumzyStranger,Prem&Hardeep
Teri Meri Kahani OFFICIAL Teaser - Happy Hardy And Heer,Himesh Reshammiya and Ranu Mondal,HimeshReshammiya&RanuMondal,"Kumaar,ShabbirAhmed,HimeshReshammiya,VishalMishra&AaryanTiwari",HimeshReshammiya
Angana Song Video -Bhangra Paa Le,"Shreya Ghoshal, Javed Ali",AnaRehman,"ShlokeLal,SiddhantKaushal,MandyGill,A",AnaRehmanforJam8
O Saiyyan Saiyyan Song Video - Tadipaar,"Vinod Rathod, Alka Yagnik","VinodRathod,AlkaYagnik",Sameer,Nadeem
Romantic Song,Tere Bin Nahin Jeena Mar Jana,LataMangeshkar,AnandBakshi,NusratFatehAliKhan
Dil Meri Na Sune Teaser - Genius,"Utkarsh Sharma, Ishita",AtifAslam,"Kumaar,ManojMuntashir&ShabbirAhmed",HimeshReshammiya
Tham Lo Patwar Prabhu Ji - Teaser,Hriday Gattani,HridayGattani,PradeepSahil,Bawagulzar
Hits Song 2021,PRESHAN KARE LU,GulshanTiwari,PawanPardeshi,"MohanPyare,M.DGulamAli"
Zamidaar - ( Full reMix Song ) Akshat Rahi,JaaNu JhaMoLa Music,Akshatrahi(9467216500),Panchiaala,SachinJangra(RjRecords)
Hits Song 2021,Samir Khan Ka,M.DSamirKhan(Vapi),"M.DJavedAli,TarnumKhan","MohanPyare,M.DGulamAli"
Bye Bye Miss Goodnight,By By Miss Good Night Dj Song,KishoreKumar,"TashaMix,MarathiStyleMix,Halagimix,FullBass,OriginalSong,FullSong.",S.D.Burman
Hits Song 2021,Vinod  Adrakhi Ka,VinodAdrakhi7033653936&AnkitaPandey7567392091,VinodAdrakhi,"MohanPyare,M.DGulamAli"
Dil Hai Seedha Sadha,New Hindi Song 2021,DeveshSingh,Kumaar,ManeeshTejas
Bechainiyon Mein Lamha,"Lucky Ali, Meera",M.M.Kreem,Sameer,M.M.Kreem
KHESARI LAL YADAV,DJ Laga Ke Gariyaib - Full Video,"KhesariLalYadav,KhusbuTiwariKt",YadavRaj,AryaSharma
The Breakup Song Full Video - ADHM,"Ranbir, Anushka","ArijitSingh,Badshah,JonitaGandhi&NakashAziz",Amitabhbhattacharya,Pritam
A.R. Rahman - Enna Sona Best Video,OK Jaanu,ArijitSingh,Gulzar,A.R.Rahman
Zinda Lyric Video - Bhaag Milkha Bhaag,Farhan Akhtar,SiddharthMahadevan,PrasoonJoshi,ShankarEhsaanLoy
A.R. Rahman - Mehendi Hai Rachnewali Best Video,Zubeidaa,AlkaYagnik,JavedAkhtar,A.R.Rahman
Aaj Hai Sagaai Full Video - Pyaar To Hona Hi Tha,"Kajol, Ajay Devgan",Abhijeet&AlkaYagnik,SameerAnjaan,JatinLalit
Pritam - Mat Aazma Re Full Video,Murder 3,KK,SayeedQuadri,PritamChakraborty
Aala Re Aala Full Video - Shootout At Wadala,John Abraham,MikaandSunidhiChauhan,NeeleshMisra,AnuMalik
Samjhawan Full Video - Humpty Sharma Ki Dulhania,"Varun, Alia",ArijitSingh&ShreyaGhoshal,Kumaar&AhmadAnees,SharibToshi&JawadAhmed
Lambi Judai Full Video - Jannat,"Emraan Hashmi, Sonal",RichaSharma,SayeedQuadri,Pritam
Khamoshiyan Video - Title Track,Arijit Singh,ArijitSingh,RashmiSingh,JeetGannguli
Zara Sa Full Video - Jannat,"Emraan Hashmi, Sonal",KK,SayeedQuadri,Pritam
Tera Deedar Hua Full Video - Jannat 2,"Emraan Hashmi, Esha",RahatFatehAliKhan,SanjayMasoomm,Pritam&AnupamAmod
Tu Zaroori Full Video - ZiD,"Mannara, Karanvir",SunidhiChauhan&SharibSabri,ShakeelAzmi,Sharib
Manma Emotion Jaage Full Video - Dilwale,Varun Dhawan,"AmitMishra,AnushkaManchanda,AntaraMitra",AmitabhBhattacharya,Pritam
I Hate Luv Storys Title Track Full Video - Sonam Kapoor,Imran Khan,VishalDadlani,Kumaar,Vishal&Shekhar
Hawayein Full Video - Jab Harry Met Sejal,"Shah Rukh Khan, Anushka",ArijitSingh,IrshadKamil,Pritam
D Se Dance Full Video - Humpty Sharma Ki Dulhania,"Varun, Alia","VishalDadlani,ShalmaliKholgade&AnushkaManchanda",IrshadKamil,SachinJigar
Mann Kyoon Behka Re Behka Aadhi Raat Ko - Utsav,Rekha,"LataMangeshkar,AshaBhosle",VasantDev,Laxmikant
Dil Hoom Hoom Kare-Female Version Video - Rudaali,Dimple Kapadia,LataMangeshkar,Gulzar,BhupenHazarika
Neele Neele Ambar Par - Male Version Lyric Video - Kalaakaar,Sridevi,KishoreKumar,"Indivar,ManojKumar",Kalyanji
Sajana Tere Pyar Mein Full Song - Kyaa Dil Ne Kahaa,"Tusshar,Esha","UditNarayan,AlkaYagnik",SanjayChhel,HimeshReshammiya
Maa Da Laadla Full Video - Dostana,"John, Abhishek",MasterSaleem,Kumaar,Vishal&Shekhar
Tu Bin Bataye - Rang De Basanti,R. Madhavan,Madhushree&NareshIyer,PrasoonJoshi,A.R.Rahman
Chingam Chabake Full Video - Gori Tere Pyaar Mein,"Kareena,Imran",ShankarMahadevan&ShalmaliKholgade,AnvitaDutt,Vishal&Shekhar
Sham Best Video - Aisha,Sonam Kapoor,NikhilD'SouzaandAmitTrivedi,JavedAkhtar,AmitTrivedi
O Rangrez Full Video - Bhaag Milkha Bhaag,"Farhan, Sonam",DivyaKumar,PrasoonJoshi,ShankarEhsaanLoy
Tukur Tukur Best Video - Dilwale,Shah Rukh Khan,"ArijitSingh,KanikaKapoor,Nehakakkar,NakashAziz&SiddharthMahadevan",AmitabhBhattacharya,Pritam
Bhaag Milkha Bhaag (Rock Version) Full Video - Farhan Akhtar,Siddharth Mahadevan,SiddharthMahadevan,PrasoonJoshi,ShankarEhsaanLoy
A.R. Rahman - Khalbali Best Video,Rang De Basanti,"A.R.Rahman,Nacim&MohammedAslam",PrasoonJoshi&Nacim,A.R.Rahman
Baatein Ye Kabhi Na Video - Khamoshiyan,Arijit Singh,ArijitSingh,SayeedQuadri,JeetGannguli
Bin Tere Full Video - I Hate Luv Storys,Sonam Kapoor,ShafqatAmanatAliandSunidhiChauhan,VishalDadlani,Vishal&Shekhar
Saanj Dhale Gagan Tale Hum Kitane Ekaki Best Lyric Video - Utsav,Rekha,SureshWadkar,VasantDev,Laxmikant
Neelam Ke Nabh Chhayee Pukharaji Janki Best Video - Utsav,Rekha,"LataMangeshkar,Chorus",VasantDev,Laxmikant
Darling - Pranama Video,Prabhas,RahulNambiar,AnanthaSriram,G.V.PrakashKumar
Jao Na Full Video - What s Your Rashee?,"Priyanka Chopra,Harman",TarannumMalik,JavedAkhtar,SohailSen
Neelam Ke Nabh Chhayee Pukharaji Janki Lyric Video - Utsav,Rekha,"LataMangeshkar,Chorus",VasantDev,Laxmikant
Chaahat Full Video - Blood Money,"Kunal Khemu, Amrita",RahatFatehAliKhan,SayeedQuadri,JeetGannguli
Mr. X Best Title Song - Emraan Hashmi,Amyra Dastur,MaheshBhatt&MiliNair,RashmiSingh,JeetGannguli
Bebasi Full Video - Warning,Meet Bros Anjjan,James&AditiPaul,Kumaar,MeetBrosAnjjan
Dil Duffer Full Video - Gori Tere Pyaar Mein,"Kareena,Imran",NiteshKadam&ShrutiPathak,KausarMunir,Vishal&Shekhar
OK Kanmani - Mental Manadhil Video,"A.R. Rahman, Mani Ratnam",A.R.Rahman&JonitaGandhi,"ManiRatnam,A.R.Rahman",A.R.Rahman
Mr. X Video Edit - Title Track,"Emraan Hashmi, Amyra Dastur",MiliNair&MaheshBhatt,RashmiSingh,JeetGannguli
Mr. X Lyric Video - Title Song,"Emraan Hashmi, Amyra Dastur",MaheshBhatt&MiliNair,RashmiSingh,JeetGannguli
Aankhon Mein Neendein Full Video - We Are Family,Kareena Kapoor,"ShankarMahadevan,RahatFatehAliKhan&ShreyaGhoshal",IrshadKamil,ShankarEhsaanLoy
Shake It Like Shammi Lyric Video - Hasee Toh Phasee,"Parineeti, Sidharth",BennyDayal,AmitabhBhattacharya,Vishal&Shekhar
Emotional Fool Full Video - Humpty Sharma Ki Dulhania,"Varun,Alia",ToshiSabri,Kumaar,SharibToshi
Arrambam - Stylish Thamizhachi Video,"Ajith, Nayantara, Arya",M.M.Manasi&Rubba.Bend,Pa.Vijay&Rubba.Bend(PSYCHO.unit),YuvanshankarRaja
Pyaar To Hona Hi Tha Full Video - Pyaar To Hona Hi Tha,"Kajol,Ajay D",RemoFernandes&JaspinderNirula,SameerAnjaan,JatinLalit
"London, Paris, New York Lyric Video - Title Track",Sunidhi Chauhan,AliZafarandSunidhiChauhan,AliZafar,AliZafar
A.R. Rahman - Main Albeli Best Video,Zubeidaa,KavitaKrishnamurthy;SukhwinderSingh,JavedAkhtar,A.R.Rahman
Slow Motion Angreza Video - Bhaag Milkha Bhaag,Farhan Akhtar,DivyaKumar,PrasoonJoshi,ShankarEhsaanLoy
Teri Yaadon Se - Blood Money,"Kunal Khemu,Amrita",MustafaZahid,SayeedQuadri,Pranay.M.Rijia
Jab Mila Tu Full Video - I Hate Luv Storys,"Sonam Kapoor, Imran Khan",VishalDadlani,AnvitaDutt,VishalDadlaniandShekharRavjiani
Mashup of the Year Remix Video - Student of the Year,"Alia,Varun,Sidharth","SalimMerchant,UditNarayan,ShahidMallaya,BennyDayal,SunidhuChauhan,VishalDadlani,ShekharRavjiani",AnvitaDutt,ShekharRavjiani;VishalDadlani
Musu Musu Full Video - Pyaar Mein Kabhi Kabhi,"Dino Morea,Rinke",Shaan,RajKaushal&VishalDadlani,VishalShirazSamrat
Life Is Crazy Full Video - Wake Up Sid,Ranbir Kapoor,UdayBenegal&ShankarMahadevan,JavedAkhtar,ShankarEhsaanLoy
Tu Zaroori Video - ZiD,"Mannara, Karanvir",SunidhiChauhan&SharibSabri,ShakeelAzmi,Sharib
Tu Full Video - Ajab Gazabb Love,"Jackky Bhagnani, Nidhi",MohitChauhan,KausarMunir,SajidWajid
Kochadaiiyaan - Manamaganin Sathiyam Video,A.R. Rahman,Haricharan,Vairamuthu,A.R.Rahman
Neele Neele Ambar Par (Male Version) - Kalaakaar,Kishore Kumar,KishoreKumar,"Indivar,ManojKumar",Kalyanji
Vetadu Ventadu - Andham Andham Video,"Vishal, Trisha",Karunya,AnanthaSriram,YuvanshankarRaja
Tujhi Mein Full Video - Crook,"Emraan Hashmi,Neha Sharma",KK,Kumaar,PritamChakraborty
Ghar Lyric Video - Jab Harry Met Sejal,"Shah Rukh Khan, Anushka","NIKHITAGANDHI,MOHITCHAUHAN",IRSHADKAMIL,PRITAM
Buddhu Sa Mann Full Video - Kapoor & Sons,"Sidharth,Alia,Fawad,Rishi Kapoor",ArmaanMalik;AmaalMallik,AbhiruchiChand,AmaalMallik
Remo - Senjitaley Video,Sivakarthikeyan,AnirudhRavichander,VigneshShivn,AnirudhRavichander
Sun Le Dua Yeh Aasman Lyric Video - We Are Family,"Kareena Kapoor,Kajol",BelaShende,IrshadKamil,ShankarEhsaanLoy
Matru Ki Bijlee Ka Mandola Full Video - Title Track,"Anushka Sharma,Imran",SukhwinderSingh&RanjitBarot,Gulzar,VishalBhardwaj
Judai Best Video - Jannat,Emraan Hashmi,KamranAhmed,SayeedQuadri,Pritam
Aarya-2 - Baby He Loves You Video,Allu Arjun,DeviSriPrasad,Chandrabose,DeviSriPrasad
Kuch Nahi Full Video - Tubelight,"Salman Khan,Sohail Khan",JavedAli,AmitabhBhattacharya,Pritam
Sun Le Dua Yeh Aasman Best Video - We Are Family,"Kareena Kapoor,Kajol",BelaShende,IrshadKamil,ShankarEhsaanLoy
O Sanam - Sunoh,Lucky Ali,LuckyAli,SyedAslamNoor,LuckyAli
Silambattam - Machaan Machaan Video,Yuvanshankar Raja,Ilaiyaraaja&BelaShende,Na.Muthukumar,YuvanshankarRaja
Arrambam - Adadada Arrambame Video,Ajith,ShankarMahadevan,Pa.Vijay,YuvanshankarRaja
Soney Do Video - Citylights,Rajkummar Rao,ArijitSingh,RashmiSingh,JeetGannguli
O Babuaa Yeh Mahua Best Video - Sadma,"Sridevi,Kamal Haasan",AshaBhosle,Gulzar,Ilaiyaraaja
Dhat Teri Ki Full Video - Gori Tere Pyaar Mein,"Imran Khan, Esha Gupta",SanamPuri&AditiSinghSharma,Kumaar,Vishal&Shekhar
Abhiyum Naanum - Vaa Vaa En Devadhai Video,"Prakash Raj, Trisha",MadhuBalakrishnan,Vairamuthu,Vidyasagar
Sarkar - Top Tucker Official Video,Thalapathy Vijay,"Sathyaprakash,NakulAbhyankar,AravindSrinivas,Deepak,Santhosh",Vivek,ARRahman
Velayudham - Rathathin Rathamay Video,"Vijay, Hansika",Haricharan&Madhumitha,Annamalai,VijayAntony
Hasi Video - Hamari Adhuri Kahani,"Emraan Hashmi, Vidya Balan",AmiMishra,KunaalVermaa,AmiMishra
Bekaraan Best Video - 7 Khoon Maaf,Priyanka Chopra,VishalBhardwaj,Gulzar,VishalBhardwaj
Khamoshiyan â€“ Title Song,Lyric Video,ArijitSingh,RashmiSingh,JeetGannguli
Ek Charraiya Full Video - Citylights,Rajkummar Rao,JeetGannguli,RashmiSingh,JeetGannguli
Sawarne Lage â€“ Mitron,Jackky Bhagnani,JubinNautiyal(MaleVersion),TanishkBagchi,TanishkBagchi
Kya Full Video - Crook,"Emraan Hashmi, Neha",NeerajShridhar,Kumaar,PritamChakraborty
Mit Jaaye Best Video - Kidnap,"Imran Khan,Sanjay Dutt,Minissha Lamba",SandeepVyas,SandeepVyas&SanjeevVyas,SandeepVyas&SanjeevVyas
Dhadkan Dhadkan Full Video - What s Your Rashee?,"Priyanka Chopra,Harman",TarannumMalik,JavedAkhtar,SohailSen
Chaar Dina Ki Full Video - Matru Ki Bijlee Ka Mandola,"Anushka Sharma,Imran","PankajKapur,ImranKhan&PremDehati",Gulzar&RamSingh,VishalBhardwaj
Dua Full Video - Kurbaan,"Kareena Kapoor, Saif Ali Khan",SukhwinderSingh;KailashKher;MarianneD'cruzAiman,NiranjanIyengar,Salim
Bolna Full Video - Kapoor & Sons,"Sidharth,Alia,Fawad",ArijitSingh;AseesKaur,Dr.DevendraKafir,TanishkBagchi
Awaara - Yedho Video,Yuvanshankar,S.P.Charan,Vennelakanti,YuvanshankarRaja
Jadugar - Silk Route,Official Hindi Pop Song,SilkRoute,MohitChauhan;KemTrivedi;AtulMittal;PrasoonJoshi,MohitChauhan;KemTrivedi;AtulMittal
Kabhi Khushi Kabhie Gham -Sad Version Video - Title Track,Shah Rukh Khan,LataMangeshkar,SameerAnjaan,Jatin
Gaye Jaa - Brothers,Akshay Kumar,ShreyaGhoshal,AmitabhBhattacharya,Ajay
Chat Mangni Lover Best Video - Quick Gun Murugun,Rajendra Prasad,VijayPrakash,AnkurTewari,SagarDesai
Teri Khushboo Full Video - Mr. X,"Emraan Hashmi, Amyra",ArijitSingh,RashmiSingh,JeetGannguli
Bogan - Vaarai Vaarai Tamil Video,"Jayam Ravi, Hansika",ShankarMahadevan&ShreyaGhoshal,Karky,D.Imman
Tujhe Yaad Na Meri Aayee Lyric - Kuch Kuch Hota Hai,"Shah Rukh Khan,Kajol",UditNarayan;AlkaYagnik;ManpreetAkhtar,SameerAnjaan,JatinLalit
Jeena Full Video - Dum,"Vivek Oberoi, Diya Mirza",SonuNigamandSowmyaRaoh,NitinRaikwar,SandeepChowta
Dhruva - Manishi Musugulo Mrugam Neney Ra Telugu Video,"Ram Charan , Rakul Preet Singh","HiphopTamizha,KaushikKrish,Yadagiri",Yadagiri,HiphopTamizha
Baby Doll Best Full Song - Gippi,Sukhwinder Singh,SukhwinderSingh&UditNarayan,AnvitaDutt,Vishal&Shekhar
Velayudham - Chillax Video,"Vijay, Hansika",Karthik&CharulathaMani,Annamalai,VijayAntony
Vaaranam Aayiram - Oh Shanthi Shanthi Video,Suriya,Clinton&S.P.Charan,Thamarai,HarrisJayaraj
Innimey Ippadithaan - Paatha Oru Lookula Video,"Santhanam, Ashna Zaveri",GanaBala,GanaBala,SanthoshKumarDhayanidhi
Romeo Juliet - Dandanakka Video,"Jayam Ravi, Hansika",AnirudhRavichander,G.Rokesh,D.Imman
Tu Bin Bataye - Lyric Video,Rang De Basanti,Madhushree&NareshIyer,PrasoonJoshi,A.R.Rahman
Kya Khoya Full Video - Khamoshiyan,"Ali Fazal, Sapna Pabbi",NavedJafar,RashmiSingh,NavedJafar
Ishq Barse Full Video - Raajneeti,"Ranbir,Katrina",MohitChauhan&AntaraMitra,IrshadKamil,PritamChakraborty
Nanjupuram - Yaavarum Video,Raaghav,Preetha.S,Magudeshwaran,Raaghav
Totey Ud Gaye Full Video - Ek Thi Daayan,"Emraan, Huma","SureshWadkar,SukhwinderSingh&RekhaBhardwaj",Gulzar,VishalBhardwaj
Bezubaan Ishq - Teri Meri Ankahi Dastan,Sneha Ullal,"MohitChauhan,ShreyaGhoshal",JashwantGangani,RupeshVerma
Maari - Donâ€™u Donâ€™u Donâ€™u Lyric,"Dhanush, Kajal",AnirudhRavichander&AlishaThomas,Dhanush,AnirudhRavichander
Saad Shukrana Full Video - Mr. X,"Emraan Hashmi, Amyra Dastur",AnkitTiwari,ManojMuntashir,AnkitTiwari
OK Kanmani - Aye Sinamika Video,"A.R. Rahman, Mani Ratnam",Karthik,Vairamuthu,A.R.Rahman
A.R. Rahman - Roobaroo Best Video,Rang De Basanti,A.R.Rahman&NareshIyer,PrasoonJoshi,A.R.Rahman
OK Kanmani - Parandhu Sella Vaa Video,"A.R. Rahman, Mani Ratnam",Karthik&ShashaaTirupati,Vairamuthu,A.R.Rahman
Saad Shukrana Lyric Video - Mr. X,"Emraan Hashmi,Amyra Dastur",AnkitTiwari,ManojMuntashir,AnkitTiwari
"Kabhi Khushi Kabhie Gham (Sad Version,1) Best Title Track - Shah Rukh",Hrithik,SonuNigam,SameerAnjaan,"JatinPandit,LalitPandit"
Kungumapoovum Konjumpuraavum - Oru Nimisham Video,Yuvanshankar,Velmurugan,GangaiAmaren,YuvanshankarRaja
Jagjit Singh - Phoolon Ki Tarah,Gulzar,JagjitSingh,Gulzar,JagjitSingh
3 - Come On Girls Video,"Dhanush, Shruti","Anirudh,NadishaThomas&MaalavikaManoj",Dhanush,AnirudhRavichander
Kuch Kam Full Video - Dostana,"John,Abhishek,Priyanka",Shaan,VishalDadlani,Vishal&Shekhar
Yeh Zameen Hai - Aasmaan Hai,Sunoh,LuckyAli,SyedAslamNoor,LuckyAli
Pyar Ka Musafir - Sunoh,Lucky Ali,LuckyAli,SyedAslamNoor;ArifDehlvi,LuckyAli
You Are My Soniya,Basic Dance Steps for Everyone,YouAreMySoniyaMovie,YouAreMySoniyaMovie,YouAreMySoniyaMovie
Jee Lein - OK Jaanu,Aditya Roy Kapur,"ArjunChandy,NeetiMohan,SavithriRPrithvi",Gulzar,A.R.Rahman
Arzoo Full Video - Blood Money,"Kunal Khemu, Amrita Puri",ClintonCerejo&RavindraUpadhyay,Kumaar,Sangeet&SiddharthHaldipur
SaamyÂ² - Pudhu Metro Rail Video,"Chiyaan Vikram, Keerthy Suresh",ChiyaanVikram&KeerthySuresh,DeviSriPrasad,DeviSriPrasad
Mind It Best Video - Quick Gun Murugun,Rajendra Prasad,MikaSingh&MCBobkat,AnkurTewari,SagarDesai
"Saawariya Reprise Best Lyric Video - Ranbir Kapoor,Sonam Kapoor",Shail Hada,ShailHada,SameerAnjaan,MontySharma
Maalai Pozhudhin Mayakathilaey - Oh Baby Girl Video,"Aari, Shubha",Hemachandran&Achu,"Achu,NarayanNagendraRao",Achu
San Sanana Lyric Video - Asoka,"Shah Rukh Khan,Kareena",AlkaYagnik,AnandBakshi,AnuMalik
Dance Basanti Lyric Video - Ungli,"Emraan,Shraddha Kapoor",VishalDadlani&AnushkaManchanda,AmitabhBhattacharya,SachinJigar
OK Kanmani - Malargal Kaettaen Video,"A.R. Rahman, Mani Ratnam",Chitra&A.R.Rahman,Vairamuthu,A.R.Rahman
A.R. Rahman - Masti Ki Paathshala Best Video,Rang De Basanti,NareshIyer&MohammedAslam,PrasoonJoshi,A.R.Rahman
Kaatru Veliyidai - Vaan Tamil Video,A. R. Rahman,"ArjunChandy,PoorviKoutish",Vairamuthu,ARRahman
San Sanana Full Video - Asoka,"Shah Rukh Khan,Kareena",AlkaYagnik,AnandBakshi,AnuMalik
R.D. Burman - Jaane Kya Baat Hai Best Lyric,Sunny,LataMangeshkar,AnandBakshi,R.D.Burman
Jab Kabhi Best Video - Jhankaar Beats,Rahul Bose,"KK,MahalaxmiIyer",VishalDadlani,Vishal
Darbadar Best Video Edit - Citylights,Rajkummar Rao,NeetiMohan,RashmiSingh,JeetGannguli
Ali Maula Lyric Video - Kurbaan,"Kareena Kapoor,Saif Ali Khan","SonuNigam,ShreyaGhoshal&SalimMerchant",NiranjanIyengar,Salim
Tel Maalish Best Video - Road Movie,Abhay Deol,SylviaGordon,SahirLudhianvi,S.D.Burman
Pritam - Challa Best Audio Song,Crook,"BabbuMann,SuzanneD'Mello",Kumaar,PritamChakraborty
R.D. Burman - Jaane Kya Baat Hai Best Video,Sunny,LataMangeshkar,AnandBakshi,R.D.Burman
Monday Bhi Ho Sunday Best Video - Dil Kya Kare,Ajay Devgan,"KavitaKrishnamurthy,Chorus",AnandBakshi,Jatin&Lalit
Yennamo Yedho - Shut Up Your Mouth Video,Gautham Karthik,Deepak&ShrutiHaasan,Karky,D.Imman
Dil Dil Full Video - Raju Chacha,"Ajay Devgan, Kajol",AmitKumar,AnandBakshi,Jatin
Faltu Full Video - Title Track,Jackky Bhagnani,MikaSingh,SameerAnjaan,SachinSanghviandJigarSaraiya
Soniyo From the Heart - Raaz 2,"Kangana Ranaut,Emraan Hashmi",KrishnaBeura,Kumaar,RajuSingh
A.R. Rahman - Pyaara Sa Gaon Best Video,Zubeidaa,LataMangeshkar,JavedAkhtar,A.R.Rahman
"A.R. Rahman - So Gaye Hain-Part,2 Best Audio Song",Zubeidaa,LataMangeshkar,JavedAkhtar,A.R.Rahman
Zehnaseeb Video - Hasee Toh Phasee,"Parineeti, Sidharth",ChinmayiSripaada&ShekharRavjiani,AmitabhBhattacharya,Vishal&Shekhar
Ajnabi Mujhko Itna Bata Full Video - Pyaar To Hona Hi Tha,"Kajol, Ajay",AshaBhosle&UditNarayan,SameerAnjaan,JatinLalit
Shiv Shambho Best Video - Rangrezz,Jackky Bhagnani,ShankarMahadevan,SameerAnjaan,C.S.Babu
"Tum Mile [Love Reprise] Full Video - Emraan Hashmi,Soha Ali Khan",Pritam,JavedAli,Kumaar,Pritam
Theme Song Best Audio Song - Jhankaar Beats,Sudesh Bhosle,SudeshBhosle,VishalDadlani,Vishal
Humnava Video - Hamari Adhuri Kahani,"Emraan Hashmi, Vidya Balan",Papon,SayeedQuadri,Mithoon
Jhooti Mooti Mitwa Aawan Bole Best Video - Rudaali,Dimple Kapadia,LataMangeshkar,Gulzar,BhupenHazarika
Voh Dekhnay Mein Full Video - London Paris New York,"Ali Zafar, Aditi Rao Hydari",AliZafar,AliZafar,AliZafar
"Kabhi Khushi Kabhie Gham (Sad Version,2) Best Title Track - Shahrukh Khan",Lata Mangeshkar,LataMangeshkar,SameerAnjaan,"JatinPandit,LalitPandit"
Sapna Jahan Remix - Brothers,Akshay Kumar,SonuNigam&NeetiMohan,AmitabhBhattacharya,Ajay
Samjhawan Video - Humpty Sharma Ki Dulhania,"Varun, Alia",ArijitSingh&ShreyaGhoshal,Kumaar&AhmadAnees,SharibToshi&JawadAhmed
Dil Hoom Hoom Kare Female Version Best Song - Rudaali,Dimple Kapadia,LataMangeshkar,Gulzar,BhupenHazarika
Main Agar Full Video - Tubelight,"Salman Khan, Sohail Khan","ViviennePocha,ShazneenArenthra,Niesha,VChandanaBala",AmitabhBhattacharya,Pritam
A. R. Rahman - Chinnamma Chilakkamma Best Lyric Video,Meenaxi,SukhwinderSingh,SukhwinderSingh,A.R.Rahman
Maston Ka Jhund Full Video - Bhaag Milkha Bhaag,Farhan Akhtar,JavedBashir,PrasoonJoshi,ShankarEhsaanLoy
Wake up Sid!-Club mix Full - Title Track,Ranbir Kapoor,ShankarMahadevan,JavedAkhtar,ShankarEhsaanLoy
Bin Tere (Reprise) Song - I Hate Luv Storys,"Sonam Kapoor,Imran Khan",ShekharRavijiani,Kumaar,"ShekharRavjiani,VishalDadlani"
Gunaah Full Video - Blood Money,"Kunal Khemu, Amrita Puri",MustafaZahid,SayeedQuadri,JeetGannguli
O Dil Banjare Full Video - Maya Memsaab,Deepa Sahi,LataMangeshkar,Gulzar,PanditHridaynathMangeshkar
Kurbaan Hua Full Video - Kurbaan,"Kareena Kapoor,Saif Ali Khan,Vishal D",VishalDadlani,NiranjanIyengar,Salim
Samjhawan Unplugged Full Video - Humpty Sharma Ki Dulhania,Alia Bhatt,AliaBhatt,Kumaar&AhmadAnees,Sharib
Rasiya Audio Song - Kurbaan,"Kareena Kapoor, Saif Ali Khan","ShrutiPathak,KareenaKapoor",NiranjanIyengar,"SalimMerchant,SulaimanMerchant"
Le Jaa Tu Mujhe Best Video - F.A.L.T.U,Jackky Bhagnani,AtifAslam,SameerAnjaan,SachinJigar
Thode Badmash Audio Song - Saawariya,"Ranbir,Sonam",ShreyaGhoshal,NusratBadr,SanjayLeelaBhansali
Urumi - Chalanam Chalanam Video,"Prithvi Raj, Vidya Balan",MalgudiShubha,Vairamuthu,DeepakDev
Maari - Maari Thara Local  Lyric,"Dhanush, Kajal Agarwal","Dhanush,AnirudhRavichander",Dhanush,AnirudhRavichander
Rajinimurugan - Chella Kutty Lyric,Sivakarthikeyan,SanthoshHariharan&Deepak,Yugabharathi,D.Imman
Love Sex Aur Dhokha Best Title Track - Nushrat Bharucha,Kailash Kher,KailashKher,DibakarBanerjee,SnehaKhanwalkar
Le Jaa Tu Mujhe Best Lyric Video - F.A.L.T.U,Jackky Bhagnani,AtifAslam,SameerAnjaan,SachinJigar
Dil Kya Kare Sad Best Audio Song - Dil Kya Kare,Ajay Devgan,"AlkaYagnik,KumarSanu",AnandBakshi,"JatinPandit,LalitPandit"
Aana Mere Pyar Ko Full Video - Kabhi Haan Kabhi Naa,"Shah Rukh Khan,Suchitra",AlkaYagnik&KumarSanu,MajroohSultanpuri,JatinLalit
Khamakha Best Video - Matru Ki Bijlee Ka Mandola,Anushka Sharma,VishalBharadwaj&PremDehati,Gulzar,VishalBhardwaj
Oova Oova - Greatest Hits,Anaida,Anaida,ManoharIyer,SantoshNair
Wake Up Sid! Best Title Audio Song - Ranbir Kapoor,Shankar Mahadevan,"ShankarMahadevan,LoyMendonsa",JavedAkhtar,"ShankarMahadevan,EhsaanNoorani,LoyMendonsa"
Bhootni - Full Song - Roohi,"Rajkummar, Janhvi, Varun",MikaSingh,AmitabhBhattacharya,Sachin
Saturday Saturday Lyric Video - Humpty Sharma Ki Dulhania,"Varun, Alia","IndeepBakshi,AkritiKakkar&Badshah","Kumaar,Badshah","SharibToshi,Badshah&Titans"
Govinda Aala Re Best Video - Rangrezz,Jackky Bhagnani,WajidKhan,SameerAnjaan,SajidWajid
3 - KannazhagaVideo,"Dhanush, Shruti",Dhanush&ShrutiHaasan,Dhanush,AnirudhRavichander
A.R. Rahman - Paathshala Be a Rebel Best Audio Song,Rang De Basanti,"Blaaze,NareshIyer,MohammedAslam","Blaaze,PrasoonJoshi",A.R.Rahman
"Saawariya Reprise Best Audio Song - Ranbir Kapoor,Sonam Kapoor",Shail Hada,ShailHada,Sameer,MontySharma
Aa Re Pritam Pyaare Full Video - Rowdy Rathore,Akshay Kumar,MamtaSharma&SaroshSami,SameerAnjaan,SajidWajid
"Tum Mile (Love Reprise) Best Lyric - Emraan Hashmi,Soha Ali Khan",Pritam,NeerajShridhar,SayeedQuadri,Pritam
Thangamagan - Enna Solla Video,Anirudh Ravichander,ShwetaMohan,Dhanush,AnirudhRavichander
Bandeya song with lyrics,Dil Juunglee movie,ArijitSingh,Dr.DevendraKafir,Shaarib&Toshi
3 - Po Nee Po Video,"Dhanush, Shruti",MohitChauhan&Anirudh,Dhanush,AnirudhRavichander
Maahi - DJ Lemon 2021,Raaz 2,ToshiShabri,SayeedQuadri,Sharib
Nannbenda - Oorellaam Unnai Kandu Video,"Udhayanidhi Stalin, Nayanthara",P.Unnikrishnan&BombayJayashri,Vairamuthu,HarrisJayaraj
Maharudra Avatar - Full Song Audio,Kaiwari Hanuman,RavindraSathe,Traditional,Traditional
#shorts Love Song video status,Hawayein â¤â¤,JabHarryMetSejalMusicDirector,JabHarryMetSejalMusicDirector,JabHarryMetSejalMusicDirector
My Voice Without Background Music,Khairiyat,ArijitSingh,JavedAkhtar,Pritam
"Ajab Gazabb Love Title Song Lyric Video - Jackky Bhagnani,Nidhi",Mika Singh,MikaSingh,PriyaPanchal,SachinJigar
Yeh Junoon Full Video - Shootout At Wadala,"Kangna Ranaut, John Abraham",MustafaZahid,Kumaar,MustafaZahid
Kaatru Veliyidai - Azhagiye Video,A. R. Rahman,"SidSriram,BawaSahni,KeerthiSagathia",Karky,ARRahman
3 - Idhazhin Oram Video,"Dhanush, Shruti",AjeshAshok&Anirudh,AishwaryaRDhanush,AnirudhRavichander
Ektarfa -  Official Trailer,Love Story,ArijitSingh,RashmiVirag,JeetGanguli
Bheegh Loon - Khamoshiyan,Lyric Video,PrakritiKakar,AbhendraKumarUpadhyay,AnkitTiwari
I Can t Hold It Best Video - LSD,Nushrat Bharucha,SnehaKhanwalkar,DibakarBanerjee&KanuBehl,SnehaKhanwalkar
Vinnaithaandi Varuvaayaa - Anbil Avan Video,A.R. Rahman,DevanEkambaram&Chinmayi,Thamarai,A.R.Rahman
Dil Ki Purani Sadak â€“ Sadak 2,KK,KK,VijayVijawatt,SamidhMukherjee&Urvi
Mann Mohana,Covered by Rajrupa Ghosh,BelaShende,JavedAkhtar,A.R.Rahman
MR. X - Tu Jo Hain,Feat Jai Kumar Nair,AnkitTiwari,MohnishRaza,AnkitTiwari
Radha,Octapad Cover,"ShreyaGhoshal,UditNarayan,VishalDadlani&ShekharRavjiani",AnvitaDutt,Vishal&Shekhar
Bole Chudiyan,Dance,"AmitKumar,SonuNigam,AlkaYagnik,UditNarayan&KavitaKrishnamurthy",SameerAnjaan,Jatin
Tujhko Jo Paya - Crook,"Emraan Hashmi,Neha","NikhilDsouza,KK,MohitChauhan",Kumaar,PritamChakraborty
â˜†BJ Songsâ˜†Chikni Chameli (Official Audio) Agneepath,Katrina Kaif - Hrithik Roshan,Â ShreyaGhoshal,Â AmitabhBhattacharya,"Â AjayGogavale,AtulGogavale"
Nadiyon Paar - Full Song - Roohi,Janhvi Kapoor,Shamur,"EmanueleMarascia,AlessandroMurru",Sachin
Panghat - Full Song - RoohiRajkummar-Janhvi-Varun,Sachin-Jigar,"AseesKaur,DivyaKumar,Sachin",AmitabhBhattacharya,Sachin
Behke Behke Best Video - Aisha,Sonam Kapoor,"AnushkaManchanda,SamratKaushal&RamanMahadevan",JavedAkhtar,AmitTrivedi
O Soniya Lyric Video - Ishq Hai Tumse,"Bipasha Basu, Dino Morea",UditNarayan&AlkaYagnik,SameerAnjaan,HimeshRehammiya
Man Kyoon Behka Re Behka Aadhi Raat Ko Lyric - Utsav,Rekha,"LataMangeshkar,AshaBhosle",VasantDev,Laxmikant
Dil Ibaadat Lyric Video - Tum Mile,"Emraan Hashmi,Soha Ali Khan",KK,SayeedQuadri,Pritam
A.R. Rahman - Raanjhanaa Best Video,Sonam Kapoor,JaswinderSingh&ShirazUppal,IrshadKamil,A.R.Rahman
Masha-Allah Full Video - Saawariya,"Ranbir,Sonam Kapoor",KunalGanjawala&ShreyaGhoshal,SameerAnjaan,MontySharma
Baatein Kuch Ankahee Full Video - Life in a Metro,"Kangna Ranaut,Shilpa Shetty",KK,SandeepSrivastava,Pritam
Jab Se Tere Naina Best Lyric - Saawariya,"Ranbir Kapoor,Sonam Kapoor",Shaan,SameerAnjaan,MontySharma
Thode Badmash Lyric Video - Saawariya,"Ranbir,Sonam",ShreyaGhoshal,NusratBadr,SanjayLeelaBhansali
Masha-Allah Best Lyric Video - Saawariya,"Ranbir Kapoor,Sonam Kapoor",KunalGanjawala&ShreyaGhoshal,SameerAnjaan,MontySharma
Bulleya â€“ Ae Dil Hai Mushkil,Karan Johar,"ArjunChandy,Geet,Ashwin&Himanshu",Amitabhbhattacharya,Pritam
Char Baj Gaye Lyric Video - F.A.L.T.U,Jackky Bhagnani,HardKaur,SameerAnjaan,SachinSanghviandJigarSaraiya
